workload,namespace,nb_of_tenants,config,resource_size,completion_time
sql,silver,1,0_1_0_0,c6m4Gi_c4m2Gi_c3m2Gi_c2m2Gi,209
sql,silver,1,0_2_0_0,c6m4Gi_c4m2Gi_c3m2Gi_c2m2Gi,143
sql,silver,2,0_1_1_0,c6m4Gi_c4m2Gi_c3m2Gi_c2m2Gi,152
sql,silver,3,0_2_1_0,c6m4Gi_c4m2Gi_c3m2Gi_c2m2Gi,123
sql,silver,4,0_2_1_0,c6m4Gi_c4m2Gi_c3m2Gi_c2m2Gi,122
sql,silver,5,0_2_1_0,c6m4Gi_c4m2Gi_c3m2Gi_c2m2Gi,128
sql,silver,5,0_1_2_0,c6m4Gi_c4m2Gi_c3m2Gi_c2m2Gi,133
sql,silver,5,0_1_2_0,c6m4Gi_c4m2Gi_c3m2Gi_c2m2Gi,137
sql,silver,4,0_1_2_0,c6m4Gi_c4m2Gi_c3m2Gi_c2m2Gi,130
sql,silver,3,0_1_2_0,c6m4Gi_c4m2Gi_c3m2Gi_c2m2Gi,122
sql,silver,2,0_2_1_0,c6m4Gi_c4m2Gi_c3m2Gi_c2m2Gi,104
sql,silver,1,0_1_1_0,c6m4Gi_c4m2Gi_c3m2Gi_c2m2Gi,137
sql,silver,1,0_1_1_0,c6m4Gi_c4m2Gi_c3m2Gi_c2m2Gi,142
sql,silver,1,0_1_1_0,c6m4Gi_c4m2Gi_c3m2Gi_c2m2Gi,148
sql,silver,2,0_1_2_0,c6m4Gi_c4m2Gi_c3m2Gi_c2m2Gi,117
sql,silver,3,0_1_2_0,c6m4Gi_c4m2Gi_c3m2Gi_c2m2Gi,119
sql,silver,4,0_1_2_0,c6m4Gi_c4m2Gi_c3m2Gi_c2m2Gi,128
sql,silver,5,0_1_2_0,c6m4Gi_c4m2Gi_c3m2Gi_c2m2Gi,135
sql,silver,5,0_1_2_0,c6m4Gi_c4m2Gi_c3m2Gi_c2m2Gi,137
sql,silver,6,0_1_2_0,c6m4Gi_c4m2Gi_c3m2Gi_c2m2Gi,144
sql,silver,7,0_1_2_0,c6m4Gi_c4m2Gi_c3m2Gi_c2m2Gi,157
sql,silver,8,0_1_1_1,c6m4Gi_c4m2Gi_c3m2Gi_c2m2Gi,177
sql,silver,9,0_2_1_0,c6m4Gi_c4m2Gi_c3m2Gi_c2m2Gi,159
sql,silver,10,0_1_1_2,c6m4Gi_c4m2Gi_c3m2Gi_c2m2Gi,174
sql,silver,10,0_1_2_1,c6m4Gi_c4m2Gi_c3m2Gi_c2m2Gi,163
sql,silver,10,0_2_1_1,c6m4Gi_c4m2Gi_c3m2Gi_c2m2Gi,153
sql,silver,9,0_1_3_0,c6m4Gi_c4m2Gi_c3m2Gi_c2m2Gi,133
sql,silver,8,0_2_1_0,c6m4Gi_c4m2Gi_c3m2Gi_c2m2Gi,155
sql,silver,7,0_2_1_0,c6m4Gi_c4m2Gi_c3m2Gi_c2m2Gi,149
sql,silver,6,0_1_2_0,c6m4Gi_c4m2Gi_c3m2Gi_c2m2Gi,147
sql,silver,5,0_1_2_0,c6m4Gi_c4m2Gi_c3m2Gi_c2m2Gi,138
sql,silver,4,0_1_2_0,c6m4Gi_c4m2Gi_c3m2Gi_c2m2Gi,135
sql,silver,3,0_1_2_0,c6m4Gi_c4m2Gi_c3m2Gi_c2m2Gi,118
sql,silver,2,0_1_2_0,c6m4Gi_c4m2Gi_c3m2Gi_c2m2Gi,114
sql,silver,1,0_1_1_0,c6m4Gi_c4m2Gi_c3m2Gi_c2m2Gi,144
sql,silver,1,0_1_1_0,c6m4Gi_c4m2Gi_c3m2Gi_c2m2Gi,145
sql,silver,1,0_1_1_0,c6m4Gi_c4m2Gi_c3m2Gi_c2m2Gi,146
sql,silver,1,0_1_1_0,c6m4Gi_c4m2Gi_c3m2Gi_c2m2Gi,146
sql,silver,2,0_1_2_0,c6m4Gi_c4m2Gi_c3m2Gi_c2m2Gi,120
sql,silver,3,0_1_2_0,c6m4Gi_c4m2Gi_c3m2Gi_c2m2Gi,116
sql,silver,4,0_1_2_0,c6m4Gi_c4m2Gi_c3m2Gi_c2m2Gi,129
sql,silver,5,0_1_2_0,c6m4Gi_c4m2Gi_c3m2Gi_c2m2Gi,135
sql,silver,5,0_1_2_0,c6m4Gi_c4m2Gi_c3m2Gi_c2m2Gi,138
sql,silver,5,0_1_2_0,c6m4Gi_c4m2Gi_c3m2Gi_c2m2Gi,138
sql,silver,4,0_1_2_0,c6m4Gi_c4m2Gi_c3m2Gi_c2m2Gi,125
sql,silver,3,0_1_2_0,c6m4Gi_c4m2Gi_c3m2Gi_c2m2Gi,120
sql,silver,2,0_1_2_0,c6m4Gi_c4m2Gi_c3m2Gi_c2m2Gi,110
sql,silver,1,0_1_1_0,c6m4Gi_c4m2Gi_c3m2Gi_c2m2Gi,138
sql,silver,1,0_1_1_0,c6m4Gi_c4m2Gi_c3m2Gi_c2m2Gi,150
sql,silver,1,0_1_1_0,c6m4Gi_c4m2Gi_c3m2Gi_c2m2Gi,144
sql,silver,2,0_1_2_0,c6m4Gi_c4m2Gi_c3m2Gi_c2m2Gi,121
sql,silver,3,0_1_2_0,c6m4Gi_c4m2Gi_c3m2Gi_c2m2Gi,122
sql,silver,4,0_1_2_0,c6m4Gi_c4m2Gi_c3m2Gi_c2m2Gi,129
sql,silver,5,0_1_2_0,c6m4Gi_c4m2Gi_c3m2Gi_c2m2Gi,139
sql,silver,5,0_1_2_0,c6m4Gi_c4m2Gi_c3m2Gi_c2m2Gi,137
sql,silver,6,0_1_2_0,c6m4Gi_c4m2Gi_c3m2Gi_c2m2Gi,144
sql,silver,7,0_2_1_0,c6m4Gi_c4m2Gi_c3m2Gi_c2m2Gi,151
sql,silver,8,0_1_3_0,c6m4Gi_c4m2Gi_c3m2Gi_c2m2Gi,135
sql,silver,9,0_2_1_1,c6m4Gi_c4m2Gi_c3m2Gi_c2m2Gi,151
sql,silver,10,1_1_1_0,c6m4Gi_c4m2Gi_c3m2Gi_c2m2Gi,158
sql,silver,10,0_2_2_0,c6m4Gi_c4m2Gi_c3m2Gi_c2m2Gi,149
sql,silver,10,0_2_2_0,c6m4Gi_c4m2Gi_c3m2Gi_c2m2Gi,147
sql,silver,9,0_1_2_1,c6m4Gi_c4m2Gi_c3m2Gi_c2m2Gi,153
sql,silver,8,0_2_1_1,c6m4Gi_c4m2Gi_c3m2Gi_c2m2Gi,134
sql,silver,7,0_1_3_0,c6m4Gi_c4m2Gi_c3m2Gi_c2m2Gi,122
sql,silver,6,0_1_2_0,c6m4Gi_c4m2Gi_c3m2Gi_c2m2Gi,142
sql,silver,5,0_1_2_0,c6m4Gi_c4m2Gi_c3m2Gi_c2m2Gi,138
