config #	worker1.replicaCount	worker1.resources.requests.cpu	worker1.resources.requests.memory	worker2.replicaCount	worker2.resources.requests.cpu	worker2.resources.requests.memory	worker3.replicaCount	worker3.resources.requests.cpu	worker3.resources.requests.memory	worker4.replicaCount	worker4.resources.requests.cpu	worker4.resources.requests.memory	SLAName	CompletionTime	Successfull	
0	0	5	4	0	3	3	0	1	2	0	1	2	silver	2.14245322	false	
1	1	5	4	0	3	3	0	1	2	0	1	2	silver	31.379128325	true	
2	2	5	4	0	3	3	0	1	2	0	1	2	silver	30.504819621	true	
3	3	5	4	0	3	3	0	1	2	0	1	2	silver	31.834764988	true	
4	0	6	4	0	3	3	0	1	2	0	1	2	silver	2.2667935249999998	false	
5	1	6	4	0	3	3	0	1	2	0	1	2	silver	31.434434203	true	
6	2	6	4	0	3	3	0	1	2	0	1	2	silver	31.106264897	true	
7	3	6	4	0	3	3	0	1	2	0	1	2	silver	30.146306178	true	
8	0	5	4	1	3	3	0	1	2	0	1	2	silver	29.890913575	true	
9	1	5	4	1	3	3	0	1	2	0	1	2	silver	30.901318916	true	
10	2	5	4	1	3	3	0	1	2	0	1	2	silver	30.688397641999998	true	
11	3	5	4	1	3	3	0	1	2	0	1	2	silver	30.130535104	true	
12	0	6	4	1	3	3	0	1	2	0	1	2	silver	31.334902413000002	true	
13	1	6	4	1	3	3	0	1	2	0	1	2	silver	29.38312684	true	
14	2	6	4	1	3	3	0	1	2	0	1	2	silver	29.963084202	true	
15	3	6	4	1	3	3	0	1	2	0	1	2	silver	31.905499659	true	
16	0	5	4	2	3	3	0	1	2	0	1	2	silver	29.946830808	true	
17	1	5	4	2	3	3	0	1	2	0	1	2	silver	30.853869266	true	
18	2	5	4	2	3	3	0	1	2	0	1	2	silver	30.03334612	true	
19	3	5	4	2	3	3	0	1	2	0	1	2	silver	31.412572063	true	
20	0	6	4	2	3	3	0	1	2	0	1	2	silver	31.724958364	true	
21	1	6	4	2	3	3	0	1	2	0	1	2	silver	30.053195636	true	
22	2	6	4	2	3	3	0	1	2	0	1	2	silver	30.934967283	true	
23	3	6	4	2	3	3	0	1	2	0	1	2	silver	30.408107608999998	true	
24	0	5	4	3	3	3	0	1	2	0	1	2	silver	30.809092908	true	
25	1	5	4	3	3	3	0	1	2	0	1	2	silver	33.808213532	true	
26	2	5	4	3	3	3	0	1	2	0	1	2	silver	32.440232159	true	
27	3	5	4	3	3	3	0	1	2	0	1	2	silver	26.23117854	true	
28	0	6	4	3	3	3	0	1	2	0	1	2	silver	30.73381132	true	
29	1	6	4	3	3	3	0	1	2	0	1	2	silver	30.96195601	true	
30	2	6	4	3	3	3	0	1	2	0	1	2	silver	28.993727365	true	
31	3	6	4	3	3	3	0	1	2	0	1	2	silver	30.5797247	true	
32	0	5	4	0	4	3	0	1	2	0	1	2	silver	2.116773019	false	
33	1	5	4	0	4	3	0	1	2	0	1	2	silver	31.13387083	true	
34	2	5	4	0	4	3	0	1	2	0	1	2	silver	29.87183857	true	
35	3	5	4	0	4	3	0	1	2	0	1	2	silver	31.697444394	true	
36	0	6	4	0	4	3	0	1	2	0	1	2	silver	2.100394742	false	
37	1	6	4	0	4	3	0	1	2	0	1	2	silver	30.262791639	true	
38	2	6	4	0	4	3	0	1	2	0	1	2	silver	30.943686899	true	
39	3	6	4	0	4	3	0	1	2	0	1	2	silver	30.490229455	true	
40	0	5	4	1	4	3	0	1	2	0	1	2	silver	29.626395875	true	
41	1	5	4	1	4	3	0	1	2	0	1	2	silver	31.496234804	true	
42	2	5	4	1	4	3	0	1	2	0	1	2	silver	29.334647407	true	
43	3	5	4	1	4	3	0	1	2	0	1	2	silver	31.24253413	true	
44	0	6	4	1	4	3	0	1	2	0	1	2	silver	29.201463796	true	
45	1	6	4	1	4	3	0	1	2	0	1	2	silver	29.277457842	true	
46	2	6	4	1	4	3	0	1	2	0	1	2	silver	30.90487589	true	
47	3	6	4	1	4	3	0	1	2	0	1	2	silver	32.440282257	true	
48	0	5	4	2	4	3	0	1	2	0	1	2	silver	30.252534785	true	
49	1	5	4	2	4	3	0	1	2	0	1	2	silver	28.330874156	true	
50	2	5	4	2	4	3	0	1	2	0	1	2	silver	29.586604725	true	
51	3	5	4	2	4	3	0	1	2	0	1	2	silver	31.983411225	true	
52	0	6	4	2	4	3	0	1	2	0	1	2	silver	30.94206955	true	
53	1	6	4	2	4	3	0	1	2	0	1	2	silver	29.239221314	true	
54	2	6	4	2	4	3	0	1	2	0	1	2	silver	30.320698738	true	
55	3	6	4	2	4	3	0	1	2	0	1	2	silver	31.573062836	true	
56	0	5	4	3	4	3	0	1	2	0	1	2	silver	28.276591744	true	
57	1	5	4	3	4	3	0	1	2	0	1	2	silver	31.954093538	true	
58	2	5	4	3	4	3	0	1	2	0	1	2	silver	31.110723882	true	
59	3	5	4	3	4	3	0	1	2	0	1	2	silver	32.51039135	true	
60	0	6	4	3	4	3	0	1	2	0	1	2	silver	30.267587559	true	
61	1	6	4	3	4	3	0	1	2	0	1	2	silver	32.119887391	true	
62	2	6	4	3	4	3	0	1	2	0	1	2	silver	28.982202036	true	
63	3	6	4	3	4	3	0	1	2	0	1	2	silver	29.468593942	true	
64	0	5	4	0	3	3	1	1	2	0	1	2	silver	81.939673678	true	
65	1	5	4	0	3	3	1	1	2	0	1	2	silver	94.323537046	true	
66	2	5	4	0	3	3	1	1	2	0	1	2	silver	51.494325148	true	
67	3	5	4	0	3	3	1	1	2	0	1	2	silver	42.124976188	true	
68	0	6	4	0	3	3	1	1	2	0	1	2	silver	62.429547443	true	
69	1	6	4	0	3	3	1	1	2	0	1	2	silver	50.811391093	true	
70	2	6	4	0	3	3	1	1	2	0	1	2	silver	50.293953203	true	
71	3	6	4	0	3	3	1	1	2	0	1	2	silver	61.084048465	true	
72	0	5	4	1	3	3	1	1	2	0	1	2	silver	73.48937176	true	
73	1	5	4	1	3	3	1	1	2	0	1	2	silver	66.1334489	true	
74	2	5	4	1	3	3	1	1	2	0	1	2	silver	67.485909618	true	
75	3	5	4	1	3	3	1	1	2	0	1	2	silver	39.565816438	true	
76	0	6	4	1	3	3	1	1	2	0	1	2	silver	60.867130459	true	
77	1	6	4	1	3	3	1	1	2	0	1	2	silver	57.04628094	true	
78	2	6	4	1	3	3	1	1	2	0	1	2	silver	65.01938883	true	
79	3	6	4	1	3	3	1	1	2	0	1	2	silver	65.817700202	true	
80	0	5	4	2	3	3	1	1	2	0	1	2	silver	58.307126237	true	
81	1	5	4	2	3	3	1	1	2	0	1	2	silver	61.307665476	true	
82	2	5	4	2	3	3	1	1	2	0	1	2	silver	53.841160374	true	
83	3	5	4	2	3	3	1	1	2	0	1	2	silver	54.645173704	true	
84	0	6	4	2	3	3	1	1	2	0	1	2	silver	81.486023694	true	
85	1	6	4	2	3	3	1	1	2	0	1	2	silver	50.671615657	true	
86	2	6	4	2	3	3	1	1	2	0	1	2	silver	61.334946968	true	
87	3	6	4	2	3	3	1	1	2	0	1	2	silver	40.631629116	true	
88	0	5	4	3	3	3	1	1	2	0	1	2	silver	49.979099543	true	
89	1	5	4	3	3	3	1	1	2	0	1	2	silver	52.792932376	true	
90	2	5	4	3	3	3	1	1	2	0	1	2	silver	53.637021889	true	
91	3	5	4	3	3	3	1	1	2	0	1	2	silver	48.884738073	true	
92	0	6	4	3	3	3	1	1	2	0	1	2	silver	42.512253021	true	
93	1	6	4	3	3	3	1	1	2	0	1	2	silver	58.095672334	true	
94	2	6	4	3	3	3	1	1	2	0	1	2	silver	55.335649466	true	
95	3	6	4	3	3	3	1	1	2	0	1	2	silver	50.723575033	true	
96	0	5	4	0	4	3	1	1	2	0	1	2	silver	100.972486537	true	
97	1	5	4	0	4	3	1	1	2	0	1	2	silver	69.675368537	true	
98	2	5	4	0	4	3	1	1	2	0	1	2	silver	60.445553038	true	
99	3	5	4	0	4	3	1	1	2	0	1	2	silver	56.807866223	true	
100	0	6	4	0	4	3	1	1	2	0	1	2	silver	103.557181696	true	
101	1	6	4	0	4	3	1	1	2	0	1	2	silver	99.374153488	true	
102	2	6	4	0	4	3	1	1	2	0	1	2	silver	52.918186117	true	
103	3	6	4	0	4	3	1	1	2	0	1	2	silver	48.529654733	true	
104	0	5	4	1	4	3	1	1	2	0	1	2	silver	51.856602942	true	
105	1	5	4	1	4	3	1	1	2	0	1	2	silver	59.916379994	true	
106	2	5	4	1	4	3	1	1	2	0	1	2	silver	58.560784798	true	
107	3	5	4	1	4	3	1	1	2	0	1	2	silver	43.169791477	true	
108	0	6	4	1	4	3	1	1	2	0	1	2	silver	89.306073532	true	
109	1	6	4	1	4	3	1	1	2	0	1	2	silver	42.720384725	true	
110	2	6	4	1	4	3	1	1	2	0	1	2	silver	58.294552223	true	
111	3	6	4	1	4	3	1	1	2	0	1	2	silver	50.623816674	true	
112	0	5	4	2	4	3	1	1	2	0	1	2	silver	54.859410035	true	
113	1	5	4	2	4	3	1	1	2	0	1	2	silver	49.652672856	true	
114	2	5	4	2	4	3	1	1	2	0	1	2	silver	41.125270071	true	
115	3	5	4	2	4	3	1	1	2	0	1	2	silver	55.268865318	true	
116	0	6	4	2	4	3	1	1	2	0	1	2	silver	53.999250878	true	
117	1	6	4	2	4	3	1	1	2	0	1	2	silver	60.974166824	true	
118	2	6	4	2	4	3	1	1	2	0	1	2	silver	46.26770157	true	
119	3	6	4	2	4	3	1	1	2	0	1	2	silver	49.41406283	true	
120	0	5	4	3	4	3	1	1	2	0	1	2	silver	40.008386724	true	
121	1	5	4	3	4	3	1	1	2	0	1	2	silver	49.971771671	true	
122	2	5	4	3	4	3	1	1	2	0	1	2	silver	51.234584028	true	
123	3	5	4	3	4	3	1	1	2	0	1	2	silver	46.39886398	true	
124	0	6	4	3	4	3	1	1	2	0	1	2	silver	52.075939456	true	
125	1	6	4	3	4	3	1	1	2	0	1	2	silver	41.883997474	true	
126	2	6	4	3	4	3	1	1	2	0	1	2	silver	68.502586969	true	
127	3	6	4	3	4	3	1	1	2	0	1	2	silver	51.67152333	true	
128	0	5	4	0	3	3	2	1	2	0	1	2	silver	74.136386621	true	
129	1	5	4	0	3	3	2	1	2	0	1	2	silver	60.395239205	true	
130	2	5	4	0	3	3	2	1	2	0	1	2	silver	66.620673089	true	
131	3	5	4	0	3	3	2	1	2	0	1	2	silver	49.928743318	true	
132	0	6	4	0	3	3	2	1	2	0	1	2	silver	71.751274997	true	
133	1	6	4	0	3	3	2	1	2	0	1	2	silver	54.203447464	true	
134	2	6	4	0	3	3	2	1	2	0	1	2	silver	32.562549186	true	
135	3	6	4	0	3	3	2	1	2	0	1	2	silver	51.490645505	true	
136	0	5	4	1	3	3	2	1	2	0	1	2	silver	66.744787635	true	
137	1	5	4	1	3	3	2	1	2	0	1	2	silver	49.245964579	true	
138	2	5	4	1	3	3	2	1	2	0	1	2	silver	66.847194442	true	
139	3	5	4	1	3	3	2	1	2	0	1	2	silver	59.084972994	true	
140	0	6	4	1	3	3	2	1	2	0	1	2	silver	51.225995542	true	
141	1	6	4	1	3	3	2	1	2	0	1	2	silver	50.802669412	true	
142	2	6	4	1	3	3	2	1	2	0	1	2	silver	39.465179704	true	
143	3	6	4	1	3	3	2	1	2	0	1	2	silver	50.809704615	true	
144	0	5	4	2	3	3	2	1	2	0	1	2	silver	52.77701374	true	
145	1	5	4	2	3	3	2	1	2	0	1	2	silver	50.629356358	true	
146	2	5	4	2	3	3	2	1	2	0	1	2	silver	35.755776492	true	
147	3	5	4	2	3	3	2	1	2	0	1	2	silver	48.613024065	true	
148	0	6	4	2	3	3	2	1	2	0	1	2	silver	57.182527205	true	
149	1	6	4	2	3	3	2	1	2	0	1	2	silver	62.626468482	true	
150	2	6	4	2	3	3	2	1	2	0	1	2	silver	68.380574513	true	
151	3	6	4	2	3	3	2	1	2	0	1	2	silver	43.227803918	true	
152	0	5	4	3	3	3	2	1	2	0	1	2	silver	52.433088903	true	
153	1	5	4	3	3	3	2	1	2	0	1	2	silver	49.631284446	true	
154	2	5	4	3	3	3	2	1	2	0	1	2	silver	51.551359868	true	
155	3	5	4	3	3	3	2	1	2	0	1	2	silver	44.556147312	true	
156	0	6	4	3	3	3	2	1	2	0	1	2	silver	63.159673977	true	
157	1	6	4	3	3	3	2	1	2	0	1	2	silver	54.561911317	true	
158	2	6	4	3	3	3	2	1	2	0	1	2	silver	50.831029014	true	
159	3	6	4	3	3	3	2	1	2	0	1	2	silver	67.230945448	true	
160	0	5	4	0	4	3	2	1	2	0	1	2	silver	58.673290385	true	
161	1	5	4	0	4	3	2	1	2	0	1	2	silver	86.307149268	true	
162	2	5	4	0	4	3	2	1	2	0	1	2	silver	49.886417799	true	
163	3	5	4	0	4	3	2	1	2	0	1	2	silver	56.084846783	true	
164	0	6	4	0	4	3	2	1	2	0	1	2	silver	83.932897553	true	
165	1	6	4	0	4	3	2	1	2	0	1	2	silver	64.164758168	true	
166	2	6	4	0	4	3	2	1	2	0	1	2	silver	48.347701158	true	
167	3	6	4	0	4	3	2	1	2	0	1	2	silver	76.073977069	true	
168	0	5	4	1	4	3	2	1	2	0	1	2	silver	44.236125691	true	
169	1	5	4	1	4	3	2	1	2	0	1	2	silver	44.528850518	true	
170	2	5	4	1	4	3	2	1	2	0	1	2	silver	48.108100671	true	
171	3	5	4	1	4	3	2	1	2	0	1	2	silver	39.410856451	true	
172	0	6	4	1	4	3	2	1	2	0	1	2	silver	70.372582055	true	
173	1	6	4	1	4	3	2	1	2	0	1	2	silver	69.189688247	true	
174	2	6	4	1	4	3	2	1	2	0	1	2	silver	55.042768803	true	
175	3	6	4	1	4	3	2	1	2	0	1	2	silver	57.520853761	true	
176	0	5	4	2	4	3	2	1	2	0	1	2	silver	42.256436609	true	
177	1	5	4	2	4	3	2	1	2	0	1	2	silver	53.261938754	true	
178	2	5	4	2	4	3	2	1	2	0	1	2	silver	51.018126054	true	
179	3	5	4	2	4	3	2	1	2	0	1	2	silver	50.389494236	true	
180	0	6	4	2	4	3	2	1	2	0	1	2	silver	47.520003464	true	
181	1	6	4	2	4	3	2	1	2	0	1	2	silver	56.476881001	true	
182	2	6	4	2	4	3	2	1	2	0	1	2	silver	44.518771112	true	
183	3	6	4	2	4	3	2	1	2	0	1	2	silver	52.228913237	true	
184	0	5	4	3	4	3	2	1	2	0	1	2	silver	62.260612483	true	
185	1	5	4	3	4	3	2	1	2	0	1	2	silver	50.265865323	true	
186	2	5	4	3	4	3	2	1	2	0	1	2	silver	49.326619263	true	
187	3	5	4	3	4	3	2	1	2	0	1	2	silver	38.833113217	true	
188	0	6	4	3	4	3	2	1	2	0	1	2	silver	45.047583814	true	
189	1	6	4	3	4	3	2	1	2	0	1	2	silver	41.260013999	true	
190	2	6	4	3	4	3	2	1	2	0	1	2	silver	42.700185345	true	
191	3	6	4	3	4	3	2	1	2	0	1	2	silver	46.736754626	true	
192	0	5	4	0	3	3	3	1	2	0	1	2	silver	96.145587046	true	
193	1	5	4	0	3	3	3	1	2	0	1	2	silver	45.097277861	true	
194	2	5	4	0	3	3	3	1	2	0	1	2	silver	46.15492377	true	
195	3	5	4	0	3	3	3	1	2	0	1	2	silver	49.067858249	true	
196	0	6	4	0	3	3	3	1	2	0	1	2	silver	59.734168848	true	
197	1	6	4	0	3	3	3	1	2	0	1	2	silver	74.91711352	true	
198	2	6	4	0	3	3	3	1	2	0	1	2	silver	49.952987109	true	
199	3	6	4	0	3	3	3	1	2	0	1	2		0	false	
200	0	5	4	1	3	3	3	1	2	0	1	2		0	false	
201	1	5	4	1	3	3	3	1	2	0	1	2		0	false	
202	2	5	4	1	3	3	3	1	2	0	1	2		0	false	
203	3	5	4	1	3	3	3	1	2	0	1	2		0	false	
204	0	6	4	1	3	3	3	1	2	0	1	2		0	false	
205	1	6	4	1	3	3	3	1	2	0	1	2		0	false	
206	2	6	4	1	3	3	3	1	2	0	1	2		0	false	
207	3	6	4	1	3	3	3	1	2	0	1	2		0	false	
208	0	5	4	2	3	3	3	1	2	0	1	2		0	false	
209	1	5	4	2	3	3	3	1	2	0	1	2		0	false	
210	2	5	4	2	3	3	3	1	2	0	1	2		0	false	
211	3	5	4	2	3	3	3	1	2	0	1	2		0	false	
212	0	6	4	2	3	3	3	1	2	0	1	2		0	false	
213	1	6	4	2	3	3	3	1	2	0	1	2		0	false	
214	2	6	4	2	3	3	3	1	2	0	1	2		0	false	
215	3	6	4	2	3	3	3	1	2	0	1	2		0	false	
216	0	5	4	3	3	3	3	1	2	0	1	2		0	false	
217	1	5	4	3	3	3	3	1	2	0	1	2		0	false	
218	2	5	4	3	3	3	3	1	2	0	1	2		0	false	
219	3	5	4	3	3	3	3	1	2	0	1	2		0	false	
220	0	6	4	3	3	3	3	1	2	0	1	2		0	false	
221	1	6	4	3	3	3	3	1	2	0	1	2		0	false	
222	2	6	4	3	3	3	3	1	2	0	1	2		0	false	
223	3	6	4	3	3	3	3	1	2	0	1	2		0	false	
224	0	5	4	0	4	3	3	1	2	0	1	2		0	false	
225	1	5	4	0	4	3	3	1	2	0	1	2		0	false	
226	2	5	4	0	4	3	3	1	2	0	1	2		0	false	
227	3	5	4	0	4	3	3	1	2	0	1	2		0	false	
228	0	6	4	0	4	3	3	1	2	0	1	2		0	false	
229	1	6	4	0	4	3	3	1	2	0	1	2		0	false	
230	2	6	4	0	4	3	3	1	2	0	1	2		0	false	
231	3	6	4	0	4	3	3	1	2	0	1	2		0	false	
232	0	5	4	1	4	3	3	1	2	0	1	2		0	false	
233	1	5	4	1	4	3	3	1	2	0	1	2		0	false	
234	2	5	4	1	4	3	3	1	2	0	1	2		0	false	
235	3	5	4	1	4	3	3	1	2	0	1	2		0	false	
236	0	6	4	1	4	3	3	1	2	0	1	2		0	false	
237	1	6	4	1	4	3	3	1	2	0	1	2		0	false	
238	2	6	4	1	4	3	3	1	2	0	1	2		0	false	
239	3	6	4	1	4	3	3	1	2	0	1	2		0	false	
240	0	5	4	2	4	3	3	1	2	0	1	2		0	false	
241	1	5	4	2	4	3	3	1	2	0	1	2		0	false	
242	2	5	4	2	4	3	3	1	2	0	1	2		0	false	
243	3	5	4	2	4	3	3	1	2	0	1	2		0	false	
244	0	6	4	2	4	3	3	1	2	0	1	2		0	false	
245	1	6	4	2	4	3	3	1	2	0	1	2		0	false	
246	2	6	4	2	4	3	3	1	2	0	1	2		0	false	
247	3	6	4	2	4	3	3	1	2	0	1	2		0	false	
248	0	5	4	3	4	3	3	1	2	0	1	2		0	false	
249	1	5	4	3	4	3	3	1	2	0	1	2		0	false	
250	2	5	4	3	4	3	3	1	2	0	1	2		0	false	
251	3	5	4	3	4	3	3	1	2	0	1	2		0	false	
252	0	6	4	3	4	3	3	1	2	0	1	2		0	false	
253	1	6	4	3	4	3	3	1	2	0	1	2		0	false	
254	2	6	4	3	4	3	3	1	2	0	1	2		0	false	
255	3	6	4	3	4	3	3	1	2	0	1	2		0	false	
256	0	5	4	0	3	3	0	2	2	0	1	2		0	false	
257	1	5	4	0	3	3	0	2	2	0	1	2		0	false	
258	2	5	4	0	3	3	0	2	2	0	1	2		0	false	
259	3	5	4	0	3	3	0	2	2	0	1	2		0	false	
260	0	6	4	0	3	3	0	2	2	0	1	2		0	false	
261	1	6	4	0	3	3	0	2	2	0	1	2		0	false	
262	2	6	4	0	3	3	0	2	2	0	1	2		0	false	
263	3	6	4	0	3	3	0	2	2	0	1	2		0	false	
264	0	5	4	1	3	3	0	2	2	0	1	2		0	false	
265	1	5	4	1	3	3	0	2	2	0	1	2		0	false	
266	2	5	4	1	3	3	0	2	2	0	1	2		0	false	
267	3	5	4	1	3	3	0	2	2	0	1	2		0	false	
268	0	6	4	1	3	3	0	2	2	0	1	2		0	false	
269	1	6	4	1	3	3	0	2	2	0	1	2		0	false	
270	2	6	4	1	3	3	0	2	2	0	1	2		0	false	
271	3	6	4	1	3	3	0	2	2	0	1	2		0	false	
272	0	5	4	2	3	3	0	2	2	0	1	2		0	false	
273	1	5	4	2	3	3	0	2	2	0	1	2		0	false	
274	2	5	4	2	3	3	0	2	2	0	1	2		0	false	
275	3	5	4	2	3	3	0	2	2	0	1	2		0	false	
276	0	6	4	2	3	3	0	2	2	0	1	2		0	false	
277	1	6	4	2	3	3	0	2	2	0	1	2		0	false	
278	2	6	4	2	3	3	0	2	2	0	1	2		0	false	
279	3	6	4	2	3	3	0	2	2	0	1	2		0	false	
280	0	5	4	3	3	3	0	2	2	0	1	2		0	false	
281	1	5	4	3	3	3	0	2	2	0	1	2		0	false	
282	2	5	4	3	3	3	0	2	2	0	1	2		0	false	
283	3	5	4	3	3	3	0	2	2	0	1	2		0	false	
284	0	6	4	3	3	3	0	2	2	0	1	2		0	false	
285	1	6	4	3	3	3	0	2	2	0	1	2		0	false	
286	2	6	4	3	3	3	0	2	2	0	1	2		0	false	
287	3	6	4	3	3	3	0	2	2	0	1	2		0	false	
288	0	5	4	0	4	3	0	2	2	0	1	2		0	false	
289	1	5	4	0	4	3	0	2	2	0	1	2		0	false	
290	2	5	4	0	4	3	0	2	2	0	1	2		0	false	
291	3	5	4	0	4	3	0	2	2	0	1	2		0	false	
292	0	6	4	0	4	3	0	2	2	0	1	2		0	false	
293	1	6	4	0	4	3	0	2	2	0	1	2		0	false	
294	2	6	4	0	4	3	0	2	2	0	1	2		0	false	
295	3	6	4	0	4	3	0	2	2	0	1	2		0	false	
296	0	5	4	1	4	3	0	2	2	0	1	2		0	false	
297	1	5	4	1	4	3	0	2	2	0	1	2		0	false	
298	2	5	4	1	4	3	0	2	2	0	1	2		0	false	
299	3	5	4	1	4	3	0	2	2	0	1	2		0	false	
300	0	6	4	1	4	3	0	2	2	0	1	2		0	false	
301	1	6	4	1	4	3	0	2	2	0	1	2		0	false	
302	2	6	4	1	4	3	0	2	2	0	1	2		0	false	
303	3	6	4	1	4	3	0	2	2	0	1	2		0	false	
304	0	5	4	2	4	3	0	2	2	0	1	2		0	false	
305	1	5	4	2	4	3	0	2	2	0	1	2		0	false	
306	2	5	4	2	4	3	0	2	2	0	1	2		0	false	
307	3	5	4	2	4	3	0	2	2	0	1	2		0	false	
308	0	6	4	2	4	3	0	2	2	0	1	2		0	false	
309	1	6	4	2	4	3	0	2	2	0	1	2		0	false	
310	2	6	4	2	4	3	0	2	2	0	1	2		0	false	
311	3	6	4	2	4	3	0	2	2	0	1	2		0	false	
312	0	5	4	3	4	3	0	2	2	0	1	2		0	false	
313	1	5	4	3	4	3	0	2	2	0	1	2		0	false	
314	2	5	4	3	4	3	0	2	2	0	1	2		0	false	
315	3	5	4	3	4	3	0	2	2	0	1	2		0	false	
316	0	6	4	3	4	3	0	2	2	0	1	2		0	false	
317	1	6	4	3	4	3	0	2	2	0	1	2		0	false	
318	2	6	4	3	4	3	0	2	2	0	1	2		0	false	
319	3	6	4	3	4	3	0	2	2	0	1	2		0	false	
320	0	5	4	0	3	3	1	2	2	0	1	2		0	false	
321	1	5	4	0	3	3	1	2	2	0	1	2		0	false	
322	2	5	4	0	3	3	1	2	2	0	1	2		0	false	
323	3	5	4	0	3	3	1	2	2	0	1	2		0	false	
324	0	6	4	0	3	3	1	2	2	0	1	2		0	false	
325	1	6	4	0	3	3	1	2	2	0	1	2		0	false	
326	2	6	4	0	3	3	1	2	2	0	1	2		0	false	
327	3	6	4	0	3	3	1	2	2	0	1	2		0	false	
328	0	5	4	1	3	3	1	2	2	0	1	2		0	false	
329	1	5	4	1	3	3	1	2	2	0	1	2		0	false	
330	2	5	4	1	3	3	1	2	2	0	1	2		0	false	
331	3	5	4	1	3	3	1	2	2	0	1	2		0	false	
332	0	6	4	1	3	3	1	2	2	0	1	2		0	false	
333	1	6	4	1	3	3	1	2	2	0	1	2		0	false	
334	2	6	4	1	3	3	1	2	2	0	1	2		0	false	
335	3	6	4	1	3	3	1	2	2	0	1	2		0	false	
336	0	5	4	2	3	3	1	2	2	0	1	2		0	false	
337	1	5	4	2	3	3	1	2	2	0	1	2		0	false	
338	2	5	4	2	3	3	1	2	2	0	1	2		0	false	
339	3	5	4	2	3	3	1	2	2	0	1	2		0	false	
340	0	6	4	2	3	3	1	2	2	0	1	2		0	false	
341	1	6	4	2	3	3	1	2	2	0	1	2		0	false	
342	2	6	4	2	3	3	1	2	2	0	1	2		0	false	
343	3	6	4	2	3	3	1	2	2	0	1	2		0	false	
344	0	5	4	3	3	3	1	2	2	0	1	2		0	false	
345	1	5	4	3	3	3	1	2	2	0	1	2		0	false	
346	2	5	4	3	3	3	1	2	2	0	1	2		0	false	
347	3	5	4	3	3	3	1	2	2	0	1	2		0	false	
348	0	6	4	3	3	3	1	2	2	0	1	2		0	false	
349	1	6	4	3	3	3	1	2	2	0	1	2		0	false	
350	2	6	4	3	3	3	1	2	2	0	1	2		0	false	
351	3	6	4	3	3	3	1	2	2	0	1	2		0	false	
352	0	5	4	0	4	3	1	2	2	0	1	2		0	false	
353	1	5	4	0	4	3	1	2	2	0	1	2		0	false	
354	2	5	4	0	4	3	1	2	2	0	1	2		0	false	
355	3	5	4	0	4	3	1	2	2	0	1	2		0	false	
356	0	6	4	0	4	3	1	2	2	0	1	2		0	false	
357	1	6	4	0	4	3	1	2	2	0	1	2		0	false	
358	2	6	4	0	4	3	1	2	2	0	1	2		0	false	
359	3	6	4	0	4	3	1	2	2	0	1	2		0	false	
360	0	5	4	1	4	3	1	2	2	0	1	2		0	false	
361	1	5	4	1	4	3	1	2	2	0	1	2		0	false	
362	2	5	4	1	4	3	1	2	2	0	1	2		0	false	
363	3	5	4	1	4	3	1	2	2	0	1	2		0	false	
364	0	6	4	1	4	3	1	2	2	0	1	2		0	false	
365	1	6	4	1	4	3	1	2	2	0	1	2		0	false	
366	2	6	4	1	4	3	1	2	2	0	1	2		0	false	
367	3	6	4	1	4	3	1	2	2	0	1	2		0	false	
368	0	5	4	2	4	3	1	2	2	0	1	2		0	false	
369	1	5	4	2	4	3	1	2	2	0	1	2		0	false	
370	2	5	4	2	4	3	1	2	2	0	1	2		0	false	
371	3	5	4	2	4	3	1	2	2	0	1	2		0	false	
372	0	6	4	2	4	3	1	2	2	0	1	2		0	false	
373	1	6	4	2	4	3	1	2	2	0	1	2		0	false	
374	2	6	4	2	4	3	1	2	2	0	1	2		0	false	
375	3	6	4	2	4	3	1	2	2	0	1	2		0	false	
376	0	5	4	3	4	3	1	2	2	0	1	2		0	false	
377	1	5	4	3	4	3	1	2	2	0	1	2		0	false	
378	2	5	4	3	4	3	1	2	2	0	1	2		0	false	
379	3	5	4	3	4	3	1	2	2	0	1	2		0	false	
380	0	6	4	3	4	3	1	2	2	0	1	2		0	false	
381	1	6	4	3	4	3	1	2	2	0	1	2		0	false	
382	2	6	4	3	4	3	1	2	2	0	1	2		0	false	
383	3	6	4	3	4	3	1	2	2	0	1	2		0	false	
384	0	5	4	0	3	3	2	2	2	0	1	2		0	false	
385	1	5	4	0	3	3	2	2	2	0	1	2		0	false	
386	2	5	4	0	3	3	2	2	2	0	1	2		0	false	
387	3	5	4	0	3	3	2	2	2	0	1	2		0	false	
388	0	6	4	0	3	3	2	2	2	0	1	2		0	false	
389	1	6	4	0	3	3	2	2	2	0	1	2		0	false	
390	2	6	4	0	3	3	2	2	2	0	1	2		0	false	
391	3	6	4	0	3	3	2	2	2	0	1	2		0	false	
392	0	5	4	1	3	3	2	2	2	0	1	2		0	false	
393	1	5	4	1	3	3	2	2	2	0	1	2		0	false	
394	2	5	4	1	3	3	2	2	2	0	1	2		0	false	
395	3	5	4	1	3	3	2	2	2	0	1	2		0	false	
396	0	6	4	1	3	3	2	2	2	0	1	2		0	false	
397	1	6	4	1	3	3	2	2	2	0	1	2		0	false	
398	2	6	4	1	3	3	2	2	2	0	1	2		0	false	
399	3	6	4	1	3	3	2	2	2	0	1	2		0	false	
400	0	5	4	2	3	3	2	2	2	0	1	2		0	false	
401	1	5	4	2	3	3	2	2	2	0	1	2		0	false	
402	2	5	4	2	3	3	2	2	2	0	1	2		0	false	
403	3	5	4	2	3	3	2	2	2	0	1	2		0	false	
404	0	6	4	2	3	3	2	2	2	0	1	2		0	false	
405	1	6	4	2	3	3	2	2	2	0	1	2		0	false	
406	2	6	4	2	3	3	2	2	2	0	1	2		0	false	
407	3	6	4	2	3	3	2	2	2	0	1	2		0	false	
408	0	5	4	3	3	3	2	2	2	0	1	2		0	false	
409	1	5	4	3	3	3	2	2	2	0	1	2		0	false	
410	2	5	4	3	3	3	2	2	2	0	1	2		0	false	
411	3	5	4	3	3	3	2	2	2	0	1	2		0	false	
412	0	6	4	3	3	3	2	2	2	0	1	2		0	false	
413	1	6	4	3	3	3	2	2	2	0	1	2		0	false	
414	2	6	4	3	3	3	2	2	2	0	1	2		0	false	
415	3	6	4	3	3	3	2	2	2	0	1	2		0	false	
416	0	5	4	0	4	3	2	2	2	0	1	2		0	false	
417	1	5	4	0	4	3	2	2	2	0	1	2		0	false	
418	2	5	4	0	4	3	2	2	2	0	1	2		0	false	
419	3	5	4	0	4	3	2	2	2	0	1	2		0	false	
420	0	6	4	0	4	3	2	2	2	0	1	2		0	false	
421	1	6	4	0	4	3	2	2	2	0	1	2		0	false	
422	2	6	4	0	4	3	2	2	2	0	1	2		0	false	
423	3	6	4	0	4	3	2	2	2	0	1	2		0	false	
424	0	5	4	1	4	3	2	2	2	0	1	2		0	false	
425	1	5	4	1	4	3	2	2	2	0	1	2		0	false	
426	2	5	4	1	4	3	2	2	2	0	1	2		0	false	
427	3	5	4	1	4	3	2	2	2	0	1	2		0	false	
428	0	6	4	1	4	3	2	2	2	0	1	2		0	false	
429	1	6	4	1	4	3	2	2	2	0	1	2		0	false	
430	2	6	4	1	4	3	2	2	2	0	1	2		0	false	
431	3	6	4	1	4	3	2	2	2	0	1	2		0	false	
432	0	5	4	2	4	3	2	2	2	0	1	2		0	false	
433	1	5	4	2	4	3	2	2	2	0	1	2		0	false	
434	2	5	4	2	4	3	2	2	2	0	1	2		0	false	
435	3	5	4	2	4	3	2	2	2	0	1	2		0	false	
436	0	6	4	2	4	3	2	2	2	0	1	2		0	false	
437	1	6	4	2	4	3	2	2	2	0	1	2		0	false	
438	2	6	4	2	4	3	2	2	2	0	1	2		0	false	
439	3	6	4	2	4	3	2	2	2	0	1	2		0	false	
440	0	5	4	3	4	3	2	2	2	0	1	2		0	false	
441	1	5	4	3	4	3	2	2	2	0	1	2		0	false	
442	2	5	4	3	4	3	2	2	2	0	1	2		0	false	
443	3	5	4	3	4	3	2	2	2	0	1	2		0	false	
444	0	6	4	3	4	3	2	2	2	0	1	2		0	false	
445	1	6	4	3	4	3	2	2	2	0	1	2		0	false	
446	2	6	4	3	4	3	2	2	2	0	1	2		0	false	
447	3	6	4	3	4	3	2	2	2	0	1	2		0	false	
448	0	5	4	0	3	3	3	2	2	0	1	2		0	false	
449	1	5	4	0	3	3	3	2	2	0	1	2		0	false	
450	2	5	4	0	3	3	3	2	2	0	1	2		0	false	
451	3	5	4	0	3	3	3	2	2	0	1	2		0	false	
452	0	6	4	0	3	3	3	2	2	0	1	2		0	false	
453	1	6	4	0	3	3	3	2	2	0	1	2		0	false	
454	2	6	4	0	3	3	3	2	2	0	1	2		0	false	
455	3	6	4	0	3	3	3	2	2	0	1	2		0	false	
456	0	5	4	1	3	3	3	2	2	0	1	2		0	false	
457	1	5	4	1	3	3	3	2	2	0	1	2		0	false	
458	2	5	4	1	3	3	3	2	2	0	1	2		0	false	
459	3	5	4	1	3	3	3	2	2	0	1	2		0	false	
460	0	6	4	1	3	3	3	2	2	0	1	2		0	false	
461	1	6	4	1	3	3	3	2	2	0	1	2		0	false	
462	2	6	4	1	3	3	3	2	2	0	1	2		0	false	
463	3	6	4	1	3	3	3	2	2	0	1	2		0	false	
464	0	5	4	2	3	3	3	2	2	0	1	2		0	false	
465	1	5	4	2	3	3	3	2	2	0	1	2		0	false	
466	2	5	4	2	3	3	3	2	2	0	1	2		0	false	
467	3	5	4	2	3	3	3	2	2	0	1	2		0	false	
468	0	6	4	2	3	3	3	2	2	0	1	2		0	false	
469	1	6	4	2	3	3	3	2	2	0	1	2		0	false	
470	2	6	4	2	3	3	3	2	2	0	1	2		0	false	
471	3	6	4	2	3	3	3	2	2	0	1	2		0	false	
472	0	5	4	3	3	3	3	2	2	0	1	2		0	false	
473	1	5	4	3	3	3	3	2	2	0	1	2		0	false	
474	2	5	4	3	3	3	3	2	2	0	1	2		0	false	
475	3	5	4	3	3	3	3	2	2	0	1	2		0	false	
476	0	6	4	3	3	3	3	2	2	0	1	2		0	false	
477	1	6	4	3	3	3	3	2	2	0	1	2		0	false	
478	2	6	4	3	3	3	3	2	2	0	1	2		0	false	
479	3	6	4	3	3	3	3	2	2	0	1	2		0	false	
480	0	5	4	0	4	3	3	2	2	0	1	2		0	false	
481	1	5	4	0	4	3	3	2	2	0	1	2		0	false	
482	2	5	4	0	4	3	3	2	2	0	1	2		0	false	
483	3	5	4	0	4	3	3	2	2	0	1	2		0	false	
484	0	6	4	0	4	3	3	2	2	0	1	2		0	false	
485	1	6	4	0	4	3	3	2	2	0	1	2		0	false	
486	2	6	4	0	4	3	3	2	2	0	1	2		0	false	
487	3	6	4	0	4	3	3	2	2	0	1	2		0	false	
488	0	5	4	1	4	3	3	2	2	0	1	2		0	false	
489	1	5	4	1	4	3	3	2	2	0	1	2		0	false	
490	2	5	4	1	4	3	3	2	2	0	1	2		0	false	
491	3	5	4	1	4	3	3	2	2	0	1	2		0	false	
492	0	6	4	1	4	3	3	2	2	0	1	2		0	false	
493	1	6	4	1	4	3	3	2	2	0	1	2		0	false	
494	2	6	4	1	4	3	3	2	2	0	1	2		0	false	
495	3	6	4	1	4	3	3	2	2	0	1	2		0	false	
496	0	5	4	2	4	3	3	2	2	0	1	2		0	false	
497	1	5	4	2	4	3	3	2	2	0	1	2		0	false	
498	2	5	4	2	4	3	3	2	2	0	1	2		0	false	
499	3	5	4	2	4	3	3	2	2	0	1	2		0	false	
500	0	6	4	2	4	3	3	2	2	0	1	2		0	false	
501	1	6	4	2	4	3	3	2	2	0	1	2		0	false	
502	2	6	4	2	4	3	3	2	2	0	1	2		0	false	
503	3	6	4	2	4	3	3	2	2	0	1	2		0	false	
504	0	5	4	3	4	3	3	2	2	0	1	2		0	false	
505	1	5	4	3	4	3	3	2	2	0	1	2		0	false	
506	2	5	4	3	4	3	3	2	2	0	1	2		0	false	
507	3	5	4	3	4	3	3	2	2	0	1	2		0	false	
508	0	6	4	3	4	3	3	2	2	0	1	2		0	false	
509	1	6	4	3	4	3	3	2	2	0	1	2		0	false	
510	2	6	4	3	4	3	3	2	2	0	1	2		0	false	
511	3	6	4	3	4	3	3	2	2	0	1	2		0	false	
512	0	5	4	0	3	3	0	1	2	1	1	2		0	false	
513	1	5	4	0	3	3	0	1	2	1	1	2		0	false	
514	2	5	4	0	3	3	0	1	2	1	1	2		0	false	
515	3	5	4	0	3	3	0	1	2	1	1	2		0	false	
516	0	6	4	0	3	3	0	1	2	1	1	2		0	false	
517	1	6	4	0	3	3	0	1	2	1	1	2		0	false	
518	2	6	4	0	3	3	0	1	2	1	1	2		0	false	
519	3	6	4	0	3	3	0	1	2	1	1	2		0	false	
520	0	5	4	1	3	3	0	1	2	1	1	2		0	false	
521	1	5	4	1	3	3	0	1	2	1	1	2		0	false	
522	2	5	4	1	3	3	0	1	2	1	1	2		0	false	
523	3	5	4	1	3	3	0	1	2	1	1	2		0	false	
524	0	6	4	1	3	3	0	1	2	1	1	2		0	false	
525	1	6	4	1	3	3	0	1	2	1	1	2		0	false	
526	2	6	4	1	3	3	0	1	2	1	1	2		0	false	
527	3	6	4	1	3	3	0	1	2	1	1	2		0	false	
528	0	5	4	2	3	3	0	1	2	1	1	2		0	false	
529	1	5	4	2	3	3	0	1	2	1	1	2		0	false	
530	2	5	4	2	3	3	0	1	2	1	1	2		0	false	
531	3	5	4	2	3	3	0	1	2	1	1	2		0	false	
532	0	6	4	2	3	3	0	1	2	1	1	2		0	false	
533	1	6	4	2	3	3	0	1	2	1	1	2		0	false	
534	2	6	4	2	3	3	0	1	2	1	1	2		0	false	
535	3	6	4	2	3	3	0	1	2	1	1	2		0	false	
536	0	5	4	3	3	3	0	1	2	1	1	2		0	false	
537	1	5	4	3	3	3	0	1	2	1	1	2		0	false	
538	2	5	4	3	3	3	0	1	2	1	1	2		0	false	
539	3	5	4	3	3	3	0	1	2	1	1	2		0	false	
540	0	6	4	3	3	3	0	1	2	1	1	2		0	false	
541	1	6	4	3	3	3	0	1	2	1	1	2		0	false	
542	2	6	4	3	3	3	0	1	2	1	1	2		0	false	
543	3	6	4	3	3	3	0	1	2	1	1	2		0	false	
544	0	5	4	0	4	3	0	1	2	1	1	2		0	false	
545	1	5	4	0	4	3	0	1	2	1	1	2		0	false	
546	2	5	4	0	4	3	0	1	2	1	1	2		0	false	
547	3	5	4	0	4	3	0	1	2	1	1	2		0	false	
548	0	6	4	0	4	3	0	1	2	1	1	2		0	false	
549	1	6	4	0	4	3	0	1	2	1	1	2		0	false	
550	2	6	4	0	4	3	0	1	2	1	1	2		0	false	
551	3	6	4	0	4	3	0	1	2	1	1	2		0	false	
552	0	5	4	1	4	3	0	1	2	1	1	2		0	false	
553	1	5	4	1	4	3	0	1	2	1	1	2		0	false	
554	2	5	4	1	4	3	0	1	2	1	1	2		0	false	
555	3	5	4	1	4	3	0	1	2	1	1	2		0	false	
556	0	6	4	1	4	3	0	1	2	1	1	2		0	false	
557	1	6	4	1	4	3	0	1	2	1	1	2		0	false	
558	2	6	4	1	4	3	0	1	2	1	1	2		0	false	
559	3	6	4	1	4	3	0	1	2	1	1	2		0	false	
560	0	5	4	2	4	3	0	1	2	1	1	2		0	false	
561	1	5	4	2	4	3	0	1	2	1	1	2		0	false	
562	2	5	4	2	4	3	0	1	2	1	1	2		0	false	
563	3	5	4	2	4	3	0	1	2	1	1	2		0	false	
564	0	6	4	2	4	3	0	1	2	1	1	2		0	false	
565	1	6	4	2	4	3	0	1	2	1	1	2		0	false	
566	2	6	4	2	4	3	0	1	2	1	1	2		0	false	
567	3	6	4	2	4	3	0	1	2	1	1	2		0	false	
568	0	5	4	3	4	3	0	1	2	1	1	2		0	false	
569	1	5	4	3	4	3	0	1	2	1	1	2		0	false	
570	2	5	4	3	4	3	0	1	2	1	1	2		0	false	
571	3	5	4	3	4	3	0	1	2	1	1	2		0	false	
572	0	6	4	3	4	3	0	1	2	1	1	2		0	false	
573	1	6	4	3	4	3	0	1	2	1	1	2		0	false	
574	2	6	4	3	4	3	0	1	2	1	1	2		0	false	
575	3	6	4	3	4	3	0	1	2	1	1	2		0	false	
576	0	5	4	0	3	3	1	1	2	1	1	2		0	false	
577	1	5	4	0	3	3	1	1	2	1	1	2		0	false	
578	2	5	4	0	3	3	1	1	2	1	1	2		0	false	
579	3	5	4	0	3	3	1	1	2	1	1	2		0	false	
580	0	6	4	0	3	3	1	1	2	1	1	2		0	false	
581	1	6	4	0	3	3	1	1	2	1	1	2		0	false	
582	2	6	4	0	3	3	1	1	2	1	1	2		0	false	
583	3	6	4	0	3	3	1	1	2	1	1	2		0	false	
584	0	5	4	1	3	3	1	1	2	1	1	2		0	false	
585	1	5	4	1	3	3	1	1	2	1	1	2		0	false	
586	2	5	4	1	3	3	1	1	2	1	1	2		0	false	
587	3	5	4	1	3	3	1	1	2	1	1	2		0	false	
588	0	6	4	1	3	3	1	1	2	1	1	2		0	false	
589	1	6	4	1	3	3	1	1	2	1	1	2		0	false	
590	2	6	4	1	3	3	1	1	2	1	1	2		0	false	
591	3	6	4	1	3	3	1	1	2	1	1	2		0	false	
592	0	5	4	2	3	3	1	1	2	1	1	2		0	false	
593	1	5	4	2	3	3	1	1	2	1	1	2		0	false	
594	2	5	4	2	3	3	1	1	2	1	1	2		0	false	
595	3	5	4	2	3	3	1	1	2	1	1	2		0	false	
596	0	6	4	2	3	3	1	1	2	1	1	2		0	false	
597	1	6	4	2	3	3	1	1	2	1	1	2		0	false	
598	2	6	4	2	3	3	1	1	2	1	1	2		0	false	
599	3	6	4	2	3	3	1	1	2	1	1	2		0	false	
600	0	5	4	3	3	3	1	1	2	1	1	2		0	false	
601	1	5	4	3	3	3	1	1	2	1	1	2		0	false	
602	2	5	4	3	3	3	1	1	2	1	1	2		0	false	
603	3	5	4	3	3	3	1	1	2	1	1	2		0	false	
604	0	6	4	3	3	3	1	1	2	1	1	2		0	false	
605	1	6	4	3	3	3	1	1	2	1	1	2		0	false	
606	2	6	4	3	3	3	1	1	2	1	1	2		0	false	
607	3	6	4	3	3	3	1	1	2	1	1	2		0	false	
608	0	5	4	0	4	3	1	1	2	1	1	2		0	false	
609	1	5	4	0	4	3	1	1	2	1	1	2		0	false	
610	2	5	4	0	4	3	1	1	2	1	1	2		0	false	
611	3	5	4	0	4	3	1	1	2	1	1	2		0	false	
612	0	6	4	0	4	3	1	1	2	1	1	2		0	false	
613	1	6	4	0	4	3	1	1	2	1	1	2		0	false	
614	2	6	4	0	4	3	1	1	2	1	1	2		0	false	
615	3	6	4	0	4	3	1	1	2	1	1	2		0	false	
616	0	5	4	1	4	3	1	1	2	1	1	2		0	false	
617	1	5	4	1	4	3	1	1	2	1	1	2		0	false	
618	2	5	4	1	4	3	1	1	2	1	1	2		0	false	
619	3	5	4	1	4	3	1	1	2	1	1	2		0	false	
620	0	6	4	1	4	3	1	1	2	1	1	2		0	false	
621	1	6	4	1	4	3	1	1	2	1	1	2		0	false	
622	2	6	4	1	4	3	1	1	2	1	1	2		0	false	
623	3	6	4	1	4	3	1	1	2	1	1	2		0	false	
624	0	5	4	2	4	3	1	1	2	1	1	2		0	false	
625	1	5	4	2	4	3	1	1	2	1	1	2		0	false	
626	2	5	4	2	4	3	1	1	2	1	1	2		0	false	
627	3	5	4	2	4	3	1	1	2	1	1	2		0	false	
628	0	6	4	2	4	3	1	1	2	1	1	2		0	false	
629	1	6	4	2	4	3	1	1	2	1	1	2		0	false	
630	2	6	4	2	4	3	1	1	2	1	1	2		0	false	
631	3	6	4	2	4	3	1	1	2	1	1	2		0	false	
632	0	5	4	3	4	3	1	1	2	1	1	2		0	false	
633	1	5	4	3	4	3	1	1	2	1	1	2		0	false	
634	2	5	4	3	4	3	1	1	2	1	1	2		0	false	
635	3	5	4	3	4	3	1	1	2	1	1	2		0	false	
636	0	6	4	3	4	3	1	1	2	1	1	2		0	false	
637	1	6	4	3	4	3	1	1	2	1	1	2		0	false	
638	2	6	4	3	4	3	1	1	2	1	1	2		0	false	
639	3	6	4	3	4	3	1	1	2	1	1	2		0	false	
640	0	5	4	0	3	3	2	1	2	1	1	2		0	false	
641	1	5	4	0	3	3	2	1	2	1	1	2		0	false	
642	2	5	4	0	3	3	2	1	2	1	1	2		0	false	
643	3	5	4	0	3	3	2	1	2	1	1	2		0	false	
644	0	6	4	0	3	3	2	1	2	1	1	2		0	false	
645	1	6	4	0	3	3	2	1	2	1	1	2		0	false	
646	2	6	4	0	3	3	2	1	2	1	1	2		0	false	
647	3	6	4	0	3	3	2	1	2	1	1	2		0	false	
648	0	5	4	1	3	3	2	1	2	1	1	2		0	false	
649	1	5	4	1	3	3	2	1	2	1	1	2		0	false	
650	2	5	4	1	3	3	2	1	2	1	1	2		0	false	
651	3	5	4	1	3	3	2	1	2	1	1	2		0	false	
652	0	6	4	1	3	3	2	1	2	1	1	2		0	false	
653	1	6	4	1	3	3	2	1	2	1	1	2		0	false	
654	2	6	4	1	3	3	2	1	2	1	1	2		0	false	
655	3	6	4	1	3	3	2	1	2	1	1	2		0	false	
656	0	5	4	2	3	3	2	1	2	1	1	2		0	false	
657	1	5	4	2	3	3	2	1	2	1	1	2		0	false	
658	2	5	4	2	3	3	2	1	2	1	1	2		0	false	
659	3	5	4	2	3	3	2	1	2	1	1	2		0	false	
660	0	6	4	2	3	3	2	1	2	1	1	2		0	false	
661	1	6	4	2	3	3	2	1	2	1	1	2		0	false	
662	2	6	4	2	3	3	2	1	2	1	1	2		0	false	
663	3	6	4	2	3	3	2	1	2	1	1	2		0	false	
664	0	5	4	3	3	3	2	1	2	1	1	2		0	false	
665	1	5	4	3	3	3	2	1	2	1	1	2		0	false	
666	2	5	4	3	3	3	2	1	2	1	1	2		0	false	
667	3	5	4	3	3	3	2	1	2	1	1	2		0	false	
668	0	6	4	3	3	3	2	1	2	1	1	2		0	false	
669	1	6	4	3	3	3	2	1	2	1	1	2		0	false	
670	2	6	4	3	3	3	2	1	2	1	1	2		0	false	
671	3	6	4	3	3	3	2	1	2	1	1	2		0	false	
672	0	5	4	0	4	3	2	1	2	1	1	2		0	false	
673	1	5	4	0	4	3	2	1	2	1	1	2		0	false	
674	2	5	4	0	4	3	2	1	2	1	1	2		0	false	
675	3	5	4	0	4	3	2	1	2	1	1	2		0	false	
676	0	6	4	0	4	3	2	1	2	1	1	2		0	false	
677	1	6	4	0	4	3	2	1	2	1	1	2		0	false	
678	2	6	4	0	4	3	2	1	2	1	1	2		0	false	
679	3	6	4	0	4	3	2	1	2	1	1	2		0	false	
680	0	5	4	1	4	3	2	1	2	1	1	2		0	false	
681	1	5	4	1	4	3	2	1	2	1	1	2		0	false	
682	2	5	4	1	4	3	2	1	2	1	1	2		0	false	
683	3	5	4	1	4	3	2	1	2	1	1	2		0	false	
684	0	6	4	1	4	3	2	1	2	1	1	2		0	false	
685	1	6	4	1	4	3	2	1	2	1	1	2		0	false	
686	2	6	4	1	4	3	2	1	2	1	1	2		0	false	
687	3	6	4	1	4	3	2	1	2	1	1	2		0	false	
688	0	5	4	2	4	3	2	1	2	1	1	2		0	false	
689	1	5	4	2	4	3	2	1	2	1	1	2		0	false	
690	2	5	4	2	4	3	2	1	2	1	1	2		0	false	
691	3	5	4	2	4	3	2	1	2	1	1	2		0	false	
692	0	6	4	2	4	3	2	1	2	1	1	2		0	false	
693	1	6	4	2	4	3	2	1	2	1	1	2		0	false	
694	2	6	4	2	4	3	2	1	2	1	1	2		0	false	
695	3	6	4	2	4	3	2	1	2	1	1	2		0	false	
696	0	5	4	3	4	3	2	1	2	1	1	2		0	false	
697	1	5	4	3	4	3	2	1	2	1	1	2		0	false	
698	2	5	4	3	4	3	2	1	2	1	1	2		0	false	
699	3	5	4	3	4	3	2	1	2	1	1	2		0	false	
700	0	6	4	3	4	3	2	1	2	1	1	2		0	false	
701	1	6	4	3	4	3	2	1	2	1	1	2		0	false	
702	2	6	4	3	4	3	2	1	2	1	1	2		0	false	
703	3	6	4	3	4	3	2	1	2	1	1	2		0	false	
704	0	5	4	0	3	3	3	1	2	1	1	2		0	false	
705	1	5	4	0	3	3	3	1	2	1	1	2		0	false	
706	2	5	4	0	3	3	3	1	2	1	1	2		0	false	
707	3	5	4	0	3	3	3	1	2	1	1	2		0	false	
708	0	6	4	0	3	3	3	1	2	1	1	2		0	false	
709	1	6	4	0	3	3	3	1	2	1	1	2		0	false	
710	2	6	4	0	3	3	3	1	2	1	1	2		0	false	
711	3	6	4	0	3	3	3	1	2	1	1	2		0	false	
712	0	5	4	1	3	3	3	1	2	1	1	2		0	false	
713	1	5	4	1	3	3	3	1	2	1	1	2		0	false	
714	2	5	4	1	3	3	3	1	2	1	1	2		0	false	
715	3	5	4	1	3	3	3	1	2	1	1	2		0	false	
716	0	6	4	1	3	3	3	1	2	1	1	2		0	false	
717	1	6	4	1	3	3	3	1	2	1	1	2		0	false	
718	2	6	4	1	3	3	3	1	2	1	1	2		0	false	
719	3	6	4	1	3	3	3	1	2	1	1	2		0	false	
720	0	5	4	2	3	3	3	1	2	1	1	2		0	false	
721	1	5	4	2	3	3	3	1	2	1	1	2		0	false	
722	2	5	4	2	3	3	3	1	2	1	1	2		0	false	
723	3	5	4	2	3	3	3	1	2	1	1	2		0	false	
724	0	6	4	2	3	3	3	1	2	1	1	2		0	false	
725	1	6	4	2	3	3	3	1	2	1	1	2		0	false	
726	2	6	4	2	3	3	3	1	2	1	1	2		0	false	
727	3	6	4	2	3	3	3	1	2	1	1	2		0	false	
728	0	5	4	3	3	3	3	1	2	1	1	2		0	false	
729	1	5	4	3	3	3	3	1	2	1	1	2		0	false	
730	2	5	4	3	3	3	3	1	2	1	1	2		0	false	
731	3	5	4	3	3	3	3	1	2	1	1	2		0	false	
732	0	6	4	3	3	3	3	1	2	1	1	2		0	false	
733	1	6	4	3	3	3	3	1	2	1	1	2		0	false	
734	2	6	4	3	3	3	3	1	2	1	1	2		0	false	
735	3	6	4	3	3	3	3	1	2	1	1	2		0	false	
736	0	5	4	0	4	3	3	1	2	1	1	2		0	false	
737	1	5	4	0	4	3	3	1	2	1	1	2		0	false	
738	2	5	4	0	4	3	3	1	2	1	1	2		0	false	
739	3	5	4	0	4	3	3	1	2	1	1	2		0	false	
740	0	6	4	0	4	3	3	1	2	1	1	2		0	false	
741	1	6	4	0	4	3	3	1	2	1	1	2		0	false	
742	2	6	4	0	4	3	3	1	2	1	1	2		0	false	
743	3	6	4	0	4	3	3	1	2	1	1	2		0	false	
744	0	5	4	1	4	3	3	1	2	1	1	2		0	false	
745	1	5	4	1	4	3	3	1	2	1	1	2		0	false	
746	2	5	4	1	4	3	3	1	2	1	1	2		0	false	
747	3	5	4	1	4	3	3	1	2	1	1	2		0	false	
748	0	6	4	1	4	3	3	1	2	1	1	2		0	false	
749	1	6	4	1	4	3	3	1	2	1	1	2		0	false	
750	2	6	4	1	4	3	3	1	2	1	1	2		0	false	
751	3	6	4	1	4	3	3	1	2	1	1	2		0	false	
752	0	5	4	2	4	3	3	1	2	1	1	2		0	false	
753	1	5	4	2	4	3	3	1	2	1	1	2		0	false	
754	2	5	4	2	4	3	3	1	2	1	1	2		0	false	
755	3	5	4	2	4	3	3	1	2	1	1	2		0	false	
756	0	6	4	2	4	3	3	1	2	1	1	2		0	false	
757	1	6	4	2	4	3	3	1	2	1	1	2		0	false	
758	2	6	4	2	4	3	3	1	2	1	1	2		0	false	
759	3	6	4	2	4	3	3	1	2	1	1	2		0	false	
760	0	5	4	3	4	3	3	1	2	1	1	2		0	false	
761	1	5	4	3	4	3	3	1	2	1	1	2		0	false	
762	2	5	4	3	4	3	3	1	2	1	1	2		0	false	
763	3	5	4	3	4	3	3	1	2	1	1	2		0	false	
764	0	6	4	3	4	3	3	1	2	1	1	2		0	false	
765	1	6	4	3	4	3	3	1	2	1	1	2		0	false	
766	2	6	4	3	4	3	3	1	2	1	1	2		0	false	
767	3	6	4	3	4	3	3	1	2	1	1	2		0	false	
768	0	5	4	0	3	3	0	2	2	1	1	2		0	false	
769	1	5	4	0	3	3	0	2	2	1	1	2		0	false	
770	2	5	4	0	3	3	0	2	2	1	1	2		0	false	
771	3	5	4	0	3	3	0	2	2	1	1	2		0	false	
772	0	6	4	0	3	3	0	2	2	1	1	2		0	false	
773	1	6	4	0	3	3	0	2	2	1	1	2		0	false	
774	2	6	4	0	3	3	0	2	2	1	1	2		0	false	
775	3	6	4	0	3	3	0	2	2	1	1	2		0	false	
776	0	5	4	1	3	3	0	2	2	1	1	2		0	false	
777	1	5	4	1	3	3	0	2	2	1	1	2		0	false	
778	2	5	4	1	3	3	0	2	2	1	1	2		0	false	
779	3	5	4	1	3	3	0	2	2	1	1	2		0	false	
780	0	6	4	1	3	3	0	2	2	1	1	2		0	false	
781	1	6	4	1	3	3	0	2	2	1	1	2		0	false	
782	2	6	4	1	3	3	0	2	2	1	1	2		0	false	
783	3	6	4	1	3	3	0	2	2	1	1	2		0	false	
784	0	5	4	2	3	3	0	2	2	1	1	2		0	false	
785	1	5	4	2	3	3	0	2	2	1	1	2		0	false	
786	2	5	4	2	3	3	0	2	2	1	1	2		0	false	
787	3	5	4	2	3	3	0	2	2	1	1	2		0	false	
788	0	6	4	2	3	3	0	2	2	1	1	2		0	false	
789	1	6	4	2	3	3	0	2	2	1	1	2		0	false	
790	2	6	4	2	3	3	0	2	2	1	1	2		0	false	
791	3	6	4	2	3	3	0	2	2	1	1	2		0	false	
792	0	5	4	3	3	3	0	2	2	1	1	2		0	false	
793	1	5	4	3	3	3	0	2	2	1	1	2		0	false	
794	2	5	4	3	3	3	0	2	2	1	1	2		0	false	
795	3	5	4	3	3	3	0	2	2	1	1	2		0	false	
796	0	6	4	3	3	3	0	2	2	1	1	2		0	false	
797	1	6	4	3	3	3	0	2	2	1	1	2		0	false	
798	2	6	4	3	3	3	0	2	2	1	1	2		0	false	
799	3	6	4	3	3	3	0	2	2	1	1	2		0	false	
800	0	5	4	0	4	3	0	2	2	1	1	2		0	false	
801	1	5	4	0	4	3	0	2	2	1	1	2		0	false	
802	2	5	4	0	4	3	0	2	2	1	1	2		0	false	
803	3	5	4	0	4	3	0	2	2	1	1	2		0	false	
804	0	6	4	0	4	3	0	2	2	1	1	2		0	false	
805	1	6	4	0	4	3	0	2	2	1	1	2		0	false	
806	2	6	4	0	4	3	0	2	2	1	1	2		0	false	
807	3	6	4	0	4	3	0	2	2	1	1	2		0	false	
808	0	5	4	1	4	3	0	2	2	1	1	2		0	false	
809	1	5	4	1	4	3	0	2	2	1	1	2		0	false	
810	2	5	4	1	4	3	0	2	2	1	1	2		0	false	
811	3	5	4	1	4	3	0	2	2	1	1	2		0	false	
812	0	6	4	1	4	3	0	2	2	1	1	2		0	false	
813	1	6	4	1	4	3	0	2	2	1	1	2		0	false	
814	2	6	4	1	4	3	0	2	2	1	1	2		0	false	
815	3	6	4	1	4	3	0	2	2	1	1	2		0	false	
816	0	5	4	2	4	3	0	2	2	1	1	2		0	false	
817	1	5	4	2	4	3	0	2	2	1	1	2		0	false	
818	2	5	4	2	4	3	0	2	2	1	1	2		0	false	
819	3	5	4	2	4	3	0	2	2	1	1	2		0	false	
820	0	6	4	2	4	3	0	2	2	1	1	2		0	false	
821	1	6	4	2	4	3	0	2	2	1	1	2		0	false	
822	2	6	4	2	4	3	0	2	2	1	1	2		0	false	
823	3	6	4	2	4	3	0	2	2	1	1	2		0	false	
824	0	5	4	3	4	3	0	2	2	1	1	2		0	false	
825	1	5	4	3	4	3	0	2	2	1	1	2		0	false	
826	2	5	4	3	4	3	0	2	2	1	1	2		0	false	
827	3	5	4	3	4	3	0	2	2	1	1	2		0	false	
828	0	6	4	3	4	3	0	2	2	1	1	2		0	false	
829	1	6	4	3	4	3	0	2	2	1	1	2		0	false	
830	2	6	4	3	4	3	0	2	2	1	1	2		0	false	
831	3	6	4	3	4	3	0	2	2	1	1	2		0	false	
832	0	5	4	0	3	3	1	2	2	1	1	2		0	false	
833	1	5	4	0	3	3	1	2	2	1	1	2		0	false	
834	2	5	4	0	3	3	1	2	2	1	1	2		0	false	
835	3	5	4	0	3	3	1	2	2	1	1	2		0	false	
836	0	6	4	0	3	3	1	2	2	1	1	2		0	false	
837	1	6	4	0	3	3	1	2	2	1	1	2		0	false	
838	2	6	4	0	3	3	1	2	2	1	1	2		0	false	
839	3	6	4	0	3	3	1	2	2	1	1	2		0	false	
840	0	5	4	1	3	3	1	2	2	1	1	2		0	false	
841	1	5	4	1	3	3	1	2	2	1	1	2		0	false	
842	2	5	4	1	3	3	1	2	2	1	1	2		0	false	
843	3	5	4	1	3	3	1	2	2	1	1	2		0	false	
844	0	6	4	1	3	3	1	2	2	1	1	2		0	false	
845	1	6	4	1	3	3	1	2	2	1	1	2		0	false	
846	2	6	4	1	3	3	1	2	2	1	1	2		0	false	
847	3	6	4	1	3	3	1	2	2	1	1	2		0	false	
848	0	5	4	2	3	3	1	2	2	1	1	2		0	false	
849	1	5	4	2	3	3	1	2	2	1	1	2		0	false	
850	2	5	4	2	3	3	1	2	2	1	1	2		0	false	
851	3	5	4	2	3	3	1	2	2	1	1	2		0	false	
852	0	6	4	2	3	3	1	2	2	1	1	2		0	false	
853	1	6	4	2	3	3	1	2	2	1	1	2		0	false	
854	2	6	4	2	3	3	1	2	2	1	1	2		0	false	
855	3	6	4	2	3	3	1	2	2	1	1	2		0	false	
856	0	5	4	3	3	3	1	2	2	1	1	2		0	false	
857	1	5	4	3	3	3	1	2	2	1	1	2		0	false	
858	2	5	4	3	3	3	1	2	2	1	1	2		0	false	
859	3	5	4	3	3	3	1	2	2	1	1	2		0	false	
860	0	6	4	3	3	3	1	2	2	1	1	2		0	false	
861	1	6	4	3	3	3	1	2	2	1	1	2		0	false	
862	2	6	4	3	3	3	1	2	2	1	1	2		0	false	
863	3	6	4	3	3	3	1	2	2	1	1	2		0	false	
864	0	5	4	0	4	3	1	2	2	1	1	2		0	false	
865	1	5	4	0	4	3	1	2	2	1	1	2		0	false	
866	2	5	4	0	4	3	1	2	2	1	1	2		0	false	
867	3	5	4	0	4	3	1	2	2	1	1	2		0	false	
868	0	6	4	0	4	3	1	2	2	1	1	2		0	false	
869	1	6	4	0	4	3	1	2	2	1	1	2		0	false	
870	2	6	4	0	4	3	1	2	2	1	1	2		0	false	
871	3	6	4	0	4	3	1	2	2	1	1	2		0	false	
872	0	5	4	1	4	3	1	2	2	1	1	2		0	false	
873	1	5	4	1	4	3	1	2	2	1	1	2		0	false	
874	2	5	4	1	4	3	1	2	2	1	1	2		0	false	
875	3	5	4	1	4	3	1	2	2	1	1	2		0	false	
876	0	6	4	1	4	3	1	2	2	1	1	2		0	false	
877	1	6	4	1	4	3	1	2	2	1	1	2		0	false	
878	2	6	4	1	4	3	1	2	2	1	1	2		0	false	
879	3	6	4	1	4	3	1	2	2	1	1	2		0	false	
880	0	5	4	2	4	3	1	2	2	1	1	2		0	false	
881	1	5	4	2	4	3	1	2	2	1	1	2		0	false	
882	2	5	4	2	4	3	1	2	2	1	1	2		0	false	
883	3	5	4	2	4	3	1	2	2	1	1	2		0	false	
884	0	6	4	2	4	3	1	2	2	1	1	2		0	false	
885	1	6	4	2	4	3	1	2	2	1	1	2		0	false	
886	2	6	4	2	4	3	1	2	2	1	1	2		0	false	
887	3	6	4	2	4	3	1	2	2	1	1	2		0	false	
888	0	5	4	3	4	3	1	2	2	1	1	2		0	false	
889	1	5	4	3	4	3	1	2	2	1	1	2		0	false	
890	2	5	4	3	4	3	1	2	2	1	1	2		0	false	
891	3	5	4	3	4	3	1	2	2	1	1	2		0	false	
892	0	6	4	3	4	3	1	2	2	1	1	2		0	false	
893	1	6	4	3	4	3	1	2	2	1	1	2		0	false	
894	2	6	4	3	4	3	1	2	2	1	1	2		0	false	
895	3	6	4	3	4	3	1	2	2	1	1	2		0	false	
896	0	5	4	0	3	3	2	2	2	1	1	2		0	false	
897	1	5	4	0	3	3	2	2	2	1	1	2		0	false	
898	2	5	4	0	3	3	2	2	2	1	1	2		0	false	
899	3	5	4	0	3	3	2	2	2	1	1	2		0	false	
900	0	6	4	0	3	3	2	2	2	1	1	2		0	false	
901	1	6	4	0	3	3	2	2	2	1	1	2		0	false	
902	2	6	4	0	3	3	2	2	2	1	1	2		0	false	
903	3	6	4	0	3	3	2	2	2	1	1	2		0	false	
904	0	5	4	1	3	3	2	2	2	1	1	2		0	false	
905	1	5	4	1	3	3	2	2	2	1	1	2		0	false	
906	2	5	4	1	3	3	2	2	2	1	1	2		0	false	
907	3	5	4	1	3	3	2	2	2	1	1	2		0	false	
908	0	6	4	1	3	3	2	2	2	1	1	2		0	false	
909	1	6	4	1	3	3	2	2	2	1	1	2		0	false	
910	2	6	4	1	3	3	2	2	2	1	1	2		0	false	
911	3	6	4	1	3	3	2	2	2	1	1	2		0	false	
912	0	5	4	2	3	3	2	2	2	1	1	2		0	false	
913	1	5	4	2	3	3	2	2	2	1	1	2		0	false	
914	2	5	4	2	3	3	2	2	2	1	1	2		0	false	
915	3	5	4	2	3	3	2	2	2	1	1	2		0	false	
916	0	6	4	2	3	3	2	2	2	1	1	2		0	false	
917	1	6	4	2	3	3	2	2	2	1	1	2		0	false	
918	2	6	4	2	3	3	2	2	2	1	1	2		0	false	
919	3	6	4	2	3	3	2	2	2	1	1	2		0	false	
920	0	5	4	3	3	3	2	2	2	1	1	2		0	false	
921	1	5	4	3	3	3	2	2	2	1	1	2		0	false	
922	2	5	4	3	3	3	2	2	2	1	1	2		0	false	
923	3	5	4	3	3	3	2	2	2	1	1	2		0	false	
924	0	6	4	3	3	3	2	2	2	1	1	2		0	false	
925	1	6	4	3	3	3	2	2	2	1	1	2		0	false	
926	2	6	4	3	3	3	2	2	2	1	1	2		0	false	
927	3	6	4	3	3	3	2	2	2	1	1	2		0	false	
928	0	5	4	0	4	3	2	2	2	1	1	2		0	false	
929	1	5	4	0	4	3	2	2	2	1	1	2		0	false	
930	2	5	4	0	4	3	2	2	2	1	1	2		0	false	
931	3	5	4	0	4	3	2	2	2	1	1	2		0	false	
932	0	6	4	0	4	3	2	2	2	1	1	2		0	false	
933	1	6	4	0	4	3	2	2	2	1	1	2		0	false	
934	2	6	4	0	4	3	2	2	2	1	1	2		0	false	
935	3	6	4	0	4	3	2	2	2	1	1	2		0	false	
936	0	5	4	1	4	3	2	2	2	1	1	2		0	false	
937	1	5	4	1	4	3	2	2	2	1	1	2		0	false	
938	2	5	4	1	4	3	2	2	2	1	1	2		0	false	
939	3	5	4	1	4	3	2	2	2	1	1	2		0	false	
940	0	6	4	1	4	3	2	2	2	1	1	2		0	false	
941	1	6	4	1	4	3	2	2	2	1	1	2		0	false	
942	2	6	4	1	4	3	2	2	2	1	1	2		0	false	
943	3	6	4	1	4	3	2	2	2	1	1	2		0	false	
944	0	5	4	2	4	3	2	2	2	1	1	2		0	false	
945	1	5	4	2	4	3	2	2	2	1	1	2		0	false	
946	2	5	4	2	4	3	2	2	2	1	1	2		0	false	
947	3	5	4	2	4	3	2	2	2	1	1	2		0	false	
948	0	6	4	2	4	3	2	2	2	1	1	2		0	false	
949	1	6	4	2	4	3	2	2	2	1	1	2		0	false	
950	2	6	4	2	4	3	2	2	2	1	1	2		0	false	
951	3	6	4	2	4	3	2	2	2	1	1	2		0	false	
952	0	5	4	3	4	3	2	2	2	1	1	2		0	false	
953	1	5	4	3	4	3	2	2	2	1	1	2		0	false	
954	2	5	4	3	4	3	2	2	2	1	1	2		0	false	
955	3	5	4	3	4	3	2	2	2	1	1	2		0	false	
956	0	6	4	3	4	3	2	2	2	1	1	2		0	false	
957	1	6	4	3	4	3	2	2	2	1	1	2		0	false	
958	2	6	4	3	4	3	2	2	2	1	1	2		0	false	
959	3	6	4	3	4	3	2	2	2	1	1	2		0	false	
960	0	5	4	0	3	3	3	2	2	1	1	2		0	false	
961	1	5	4	0	3	3	3	2	2	1	1	2		0	false	
962	2	5	4	0	3	3	3	2	2	1	1	2		0	false	
963	3	5	4	0	3	3	3	2	2	1	1	2		0	false	
964	0	6	4	0	3	3	3	2	2	1	1	2		0	false	
965	1	6	4	0	3	3	3	2	2	1	1	2		0	false	
966	2	6	4	0	3	3	3	2	2	1	1	2		0	false	
967	3	6	4	0	3	3	3	2	2	1	1	2		0	false	
968	0	5	4	1	3	3	3	2	2	1	1	2		0	false	
969	1	5	4	1	3	3	3	2	2	1	1	2		0	false	
970	2	5	4	1	3	3	3	2	2	1	1	2		0	false	
971	3	5	4	1	3	3	3	2	2	1	1	2		0	false	
972	0	6	4	1	3	3	3	2	2	1	1	2		0	false	
973	1	6	4	1	3	3	3	2	2	1	1	2		0	false	
974	2	6	4	1	3	3	3	2	2	1	1	2		0	false	
975	3	6	4	1	3	3	3	2	2	1	1	2		0	false	
976	0	5	4	2	3	3	3	2	2	1	1	2		0	false	
977	1	5	4	2	3	3	3	2	2	1	1	2		0	false	
978	2	5	4	2	3	3	3	2	2	1	1	2		0	false	
979	3	5	4	2	3	3	3	2	2	1	1	2		0	false	
980	0	6	4	2	3	3	3	2	2	1	1	2		0	false	
981	1	6	4	2	3	3	3	2	2	1	1	2		0	false	
982	2	6	4	2	3	3	3	2	2	1	1	2		0	false	
983	3	6	4	2	3	3	3	2	2	1	1	2		0	false	
984	0	5	4	3	3	3	3	2	2	1	1	2		0	false	
985	1	5	4	3	3	3	3	2	2	1	1	2		0	false	
986	2	5	4	3	3	3	3	2	2	1	1	2		0	false	
987	3	5	4	3	3	3	3	2	2	1	1	2		0	false	
988	0	6	4	3	3	3	3	2	2	1	1	2		0	false	
989	1	6	4	3	3	3	3	2	2	1	1	2		0	false	
990	2	6	4	3	3	3	3	2	2	1	1	2		0	false	
991	3	6	4	3	3	3	3	2	2	1	1	2		0	false	
992	0	5	4	0	4	3	3	2	2	1	1	2		0	false	
993	1	5	4	0	4	3	3	2	2	1	1	2		0	false	
994	2	5	4	0	4	3	3	2	2	1	1	2		0	false	
995	3	5	4	0	4	3	3	2	2	1	1	2		0	false	
996	0	6	4	0	4	3	3	2	2	1	1	2		0	false	
997	1	6	4	0	4	3	3	2	2	1	1	2		0	false	
998	2	6	4	0	4	3	3	2	2	1	1	2		0	false	
999	3	6	4	0	4	3	3	2	2	1	1	2		0	false	
1000	0	5	4	1	4	3	3	2	2	1	1	2		0	false	
1001	1	5	4	1	4	3	3	2	2	1	1	2		0	false	
1002	2	5	4	1	4	3	3	2	2	1	1	2		0	false	
1003	3	5	4	1	4	3	3	2	2	1	1	2		0	false	
1004	0	6	4	1	4	3	3	2	2	1	1	2		0	false	
1005	1	6	4	1	4	3	3	2	2	1	1	2		0	false	
1006	2	6	4	1	4	3	3	2	2	1	1	2		0	false	
1007	3	6	4	1	4	3	3	2	2	1	1	2		0	false	
1008	0	5	4	2	4	3	3	2	2	1	1	2		0	false	
1009	1	5	4	2	4	3	3	2	2	1	1	2		0	false	
1010	2	5	4	2	4	3	3	2	2	1	1	2		0	false	
1011	3	5	4	2	4	3	3	2	2	1	1	2		0	false	
1012	0	6	4	2	4	3	3	2	2	1	1	2		0	false	
1013	1	6	4	2	4	3	3	2	2	1	1	2		0	false	
1014	2	6	4	2	4	3	3	2	2	1	1	2		0	false	
1015	3	6	4	2	4	3	3	2	2	1	1	2		0	false	
1016	0	5	4	3	4	3	3	2	2	1	1	2		0	false	
1017	1	5	4	3	4	3	3	2	2	1	1	2		0	false	
1018	2	5	4	3	4	3	3	2	2	1	1	2		0	false	
1019	3	5	4	3	4	3	3	2	2	1	1	2		0	false	
1020	0	6	4	3	4	3	3	2	2	1	1	2		0	false	
1021	1	6	4	3	4	3	3	2	2	1	1	2		0	false	
1022	2	6	4	3	4	3	3	2	2	1	1	2		0	false	
1023	3	6	4	3	4	3	3	2	2	1	1	2		0	false	
1024	0	5	4	0	3	3	0	1	2	2	1	2		0	false	
1025	1	5	4	0	3	3	0	1	2	2	1	2		0	false	
1026	2	5	4	0	3	3	0	1	2	2	1	2		0	false	
1027	3	5	4	0	3	3	0	1	2	2	1	2		0	false	
1028	0	6	4	0	3	3	0	1	2	2	1	2		0	false	
1029	1	6	4	0	3	3	0	1	2	2	1	2		0	false	
1030	2	6	4	0	3	3	0	1	2	2	1	2		0	false	
1031	3	6	4	0	3	3	0	1	2	2	1	2		0	false	
1032	0	5	4	1	3	3	0	1	2	2	1	2		0	false	
1033	1	5	4	1	3	3	0	1	2	2	1	2		0	false	
1034	2	5	4	1	3	3	0	1	2	2	1	2		0	false	
1035	3	5	4	1	3	3	0	1	2	2	1	2		0	false	
1036	0	6	4	1	3	3	0	1	2	2	1	2		0	false	
1037	1	6	4	1	3	3	0	1	2	2	1	2		0	false	
1038	2	6	4	1	3	3	0	1	2	2	1	2		0	false	
1039	3	6	4	1	3	3	0	1	2	2	1	2		0	false	
1040	0	5	4	2	3	3	0	1	2	2	1	2		0	false	
1041	1	5	4	2	3	3	0	1	2	2	1	2		0	false	
1042	2	5	4	2	3	3	0	1	2	2	1	2		0	false	
1043	3	5	4	2	3	3	0	1	2	2	1	2		0	false	
1044	0	6	4	2	3	3	0	1	2	2	1	2		0	false	
1045	1	6	4	2	3	3	0	1	2	2	1	2		0	false	
1046	2	6	4	2	3	3	0	1	2	2	1	2		0	false	
1047	3	6	4	2	3	3	0	1	2	2	1	2		0	false	
1048	0	5	4	3	3	3	0	1	2	2	1	2		0	false	
1049	1	5	4	3	3	3	0	1	2	2	1	2		0	false	
1050	2	5	4	3	3	3	0	1	2	2	1	2		0	false	
1051	3	5	4	3	3	3	0	1	2	2	1	2		0	false	
1052	0	6	4	3	3	3	0	1	2	2	1	2		0	false	
1053	1	6	4	3	3	3	0	1	2	2	1	2		0	false	
1054	2	6	4	3	3	3	0	1	2	2	1	2		0	false	
1055	3	6	4	3	3	3	0	1	2	2	1	2		0	false	
1056	0	5	4	0	4	3	0	1	2	2	1	2		0	false	
1057	1	5	4	0	4	3	0	1	2	2	1	2		0	false	
1058	2	5	4	0	4	3	0	1	2	2	1	2		0	false	
1059	3	5	4	0	4	3	0	1	2	2	1	2		0	false	
1060	0	6	4	0	4	3	0	1	2	2	1	2		0	false	
1061	1	6	4	0	4	3	0	1	2	2	1	2		0	false	
1062	2	6	4	0	4	3	0	1	2	2	1	2		0	false	
1063	3	6	4	0	4	3	0	1	2	2	1	2		0	false	
1064	0	5	4	1	4	3	0	1	2	2	1	2		0	false	
1065	1	5	4	1	4	3	0	1	2	2	1	2		0	false	
1066	2	5	4	1	4	3	0	1	2	2	1	2		0	false	
1067	3	5	4	1	4	3	0	1	2	2	1	2		0	false	
1068	0	6	4	1	4	3	0	1	2	2	1	2		0	false	
1069	1	6	4	1	4	3	0	1	2	2	1	2		0	false	
1070	2	6	4	1	4	3	0	1	2	2	1	2		0	false	
1071	3	6	4	1	4	3	0	1	2	2	1	2		0	false	
1072	0	5	4	2	4	3	0	1	2	2	1	2		0	false	
1073	1	5	4	2	4	3	0	1	2	2	1	2		0	false	
1074	2	5	4	2	4	3	0	1	2	2	1	2		0	false	
1075	3	5	4	2	4	3	0	1	2	2	1	2		0	false	
1076	0	6	4	2	4	3	0	1	2	2	1	2		0	false	
1077	1	6	4	2	4	3	0	1	2	2	1	2		0	false	
1078	2	6	4	2	4	3	0	1	2	2	1	2		0	false	
1079	3	6	4	2	4	3	0	1	2	2	1	2		0	false	
1080	0	5	4	3	4	3	0	1	2	2	1	2		0	false	
1081	1	5	4	3	4	3	0	1	2	2	1	2		0	false	
1082	2	5	4	3	4	3	0	1	2	2	1	2		0	false	
1083	3	5	4	3	4	3	0	1	2	2	1	2		0	false	
1084	0	6	4	3	4	3	0	1	2	2	1	2		0	false	
1085	1	6	4	3	4	3	0	1	2	2	1	2		0	false	
1086	2	6	4	3	4	3	0	1	2	2	1	2		0	false	
1087	3	6	4	3	4	3	0	1	2	2	1	2		0	false	
1088	0	5	4	0	3	3	1	1	2	2	1	2		0	false	
1089	1	5	4	0	3	3	1	1	2	2	1	2		0	false	
1090	2	5	4	0	3	3	1	1	2	2	1	2		0	false	
1091	3	5	4	0	3	3	1	1	2	2	1	2		0	false	
1092	0	6	4	0	3	3	1	1	2	2	1	2		0	false	
1093	1	6	4	0	3	3	1	1	2	2	1	2		0	false	
1094	2	6	4	0	3	3	1	1	2	2	1	2		0	false	
1095	3	6	4	0	3	3	1	1	2	2	1	2		0	false	
1096	0	5	4	1	3	3	1	1	2	2	1	2		0	false	
1097	1	5	4	1	3	3	1	1	2	2	1	2		0	false	
1098	2	5	4	1	3	3	1	1	2	2	1	2		0	false	
1099	3	5	4	1	3	3	1	1	2	2	1	2		0	false	
1100	0	6	4	1	3	3	1	1	2	2	1	2		0	false	
1101	1	6	4	1	3	3	1	1	2	2	1	2		0	false	
1102	2	6	4	1	3	3	1	1	2	2	1	2		0	false	
1103	3	6	4	1	3	3	1	1	2	2	1	2		0	false	
1104	0	5	4	2	3	3	1	1	2	2	1	2		0	false	
1105	1	5	4	2	3	3	1	1	2	2	1	2		0	false	
1106	2	5	4	2	3	3	1	1	2	2	1	2		0	false	
1107	3	5	4	2	3	3	1	1	2	2	1	2		0	false	
1108	0	6	4	2	3	3	1	1	2	2	1	2		0	false	
1109	1	6	4	2	3	3	1	1	2	2	1	2		0	false	
1110	2	6	4	2	3	3	1	1	2	2	1	2		0	false	
1111	3	6	4	2	3	3	1	1	2	2	1	2		0	false	
1112	0	5	4	3	3	3	1	1	2	2	1	2		0	false	
1113	1	5	4	3	3	3	1	1	2	2	1	2		0	false	
1114	2	5	4	3	3	3	1	1	2	2	1	2		0	false	
1115	3	5	4	3	3	3	1	1	2	2	1	2		0	false	
1116	0	6	4	3	3	3	1	1	2	2	1	2		0	false	
1117	1	6	4	3	3	3	1	1	2	2	1	2		0	false	
1118	2	6	4	3	3	3	1	1	2	2	1	2		0	false	
1119	3	6	4	3	3	3	1	1	2	2	1	2		0	false	
1120	0	5	4	0	4	3	1	1	2	2	1	2		0	false	
1121	1	5	4	0	4	3	1	1	2	2	1	2		0	false	
1122	2	5	4	0	4	3	1	1	2	2	1	2		0	false	
1123	3	5	4	0	4	3	1	1	2	2	1	2		0	false	
1124	0	6	4	0	4	3	1	1	2	2	1	2		0	false	
1125	1	6	4	0	4	3	1	1	2	2	1	2		0	false	
1126	2	6	4	0	4	3	1	1	2	2	1	2		0	false	
1127	3	6	4	0	4	3	1	1	2	2	1	2		0	false	
1128	0	5	4	1	4	3	1	1	2	2	1	2		0	false	
1129	1	5	4	1	4	3	1	1	2	2	1	2		0	false	
1130	2	5	4	1	4	3	1	1	2	2	1	2		0	false	
1131	3	5	4	1	4	3	1	1	2	2	1	2		0	false	
1132	0	6	4	1	4	3	1	1	2	2	1	2		0	false	
1133	1	6	4	1	4	3	1	1	2	2	1	2		0	false	
1134	2	6	4	1	4	3	1	1	2	2	1	2		0	false	
1135	3	6	4	1	4	3	1	1	2	2	1	2		0	false	
1136	0	5	4	2	4	3	1	1	2	2	1	2		0	false	
1137	1	5	4	2	4	3	1	1	2	2	1	2		0	false	
1138	2	5	4	2	4	3	1	1	2	2	1	2		0	false	
1139	3	5	4	2	4	3	1	1	2	2	1	2		0	false	
1140	0	6	4	2	4	3	1	1	2	2	1	2		0	false	
1141	1	6	4	2	4	3	1	1	2	2	1	2		0	false	
1142	2	6	4	2	4	3	1	1	2	2	1	2		0	false	
1143	3	6	4	2	4	3	1	1	2	2	1	2		0	false	
1144	0	5	4	3	4	3	1	1	2	2	1	2		0	false	
1145	1	5	4	3	4	3	1	1	2	2	1	2		0	false	
1146	2	5	4	3	4	3	1	1	2	2	1	2		0	false	
1147	3	5	4	3	4	3	1	1	2	2	1	2		0	false	
1148	0	6	4	3	4	3	1	1	2	2	1	2		0	false	
1149	1	6	4	3	4	3	1	1	2	2	1	2		0	false	
1150	2	6	4	3	4	3	1	1	2	2	1	2		0	false	
1151	3	6	4	3	4	3	1	1	2	2	1	2		0	false	
1152	0	5	4	0	3	3	2	1	2	2	1	2		0	false	
1153	1	5	4	0	3	3	2	1	2	2	1	2		0	false	
1154	2	5	4	0	3	3	2	1	2	2	1	2		0	false	
1155	3	5	4	0	3	3	2	1	2	2	1	2		0	false	
1156	0	6	4	0	3	3	2	1	2	2	1	2		0	false	
1157	1	6	4	0	3	3	2	1	2	2	1	2		0	false	
1158	2	6	4	0	3	3	2	1	2	2	1	2		0	false	
1159	3	6	4	0	3	3	2	1	2	2	1	2		0	false	
1160	0	5	4	1	3	3	2	1	2	2	1	2		0	false	
1161	1	5	4	1	3	3	2	1	2	2	1	2		0	false	
1162	2	5	4	1	3	3	2	1	2	2	1	2		0	false	
1163	3	5	4	1	3	3	2	1	2	2	1	2		0	false	
1164	0	6	4	1	3	3	2	1	2	2	1	2		0	false	
1165	1	6	4	1	3	3	2	1	2	2	1	2		0	false	
1166	2	6	4	1	3	3	2	1	2	2	1	2		0	false	
1167	3	6	4	1	3	3	2	1	2	2	1	2		0	false	
1168	0	5	4	2	3	3	2	1	2	2	1	2		0	false	
1169	1	5	4	2	3	3	2	1	2	2	1	2		0	false	
1170	2	5	4	2	3	3	2	1	2	2	1	2		0	false	
1171	3	5	4	2	3	3	2	1	2	2	1	2		0	false	
1172	0	6	4	2	3	3	2	1	2	2	1	2		0	false	
1173	1	6	4	2	3	3	2	1	2	2	1	2		0	false	
1174	2	6	4	2	3	3	2	1	2	2	1	2		0	false	
1175	3	6	4	2	3	3	2	1	2	2	1	2		0	false	
1176	0	5	4	3	3	3	2	1	2	2	1	2		0	false	
1177	1	5	4	3	3	3	2	1	2	2	1	2		0	false	
1178	2	5	4	3	3	3	2	1	2	2	1	2		0	false	
1179	3	5	4	3	3	3	2	1	2	2	1	2		0	false	
1180	0	6	4	3	3	3	2	1	2	2	1	2		0	false	
1181	1	6	4	3	3	3	2	1	2	2	1	2		0	false	
1182	2	6	4	3	3	3	2	1	2	2	1	2		0	false	
1183	3	6	4	3	3	3	2	1	2	2	1	2		0	false	
1184	0	5	4	0	4	3	2	1	2	2	1	2		0	false	
1185	1	5	4	0	4	3	2	1	2	2	1	2		0	false	
1186	2	5	4	0	4	3	2	1	2	2	1	2		0	false	
1187	3	5	4	0	4	3	2	1	2	2	1	2		0	false	
1188	0	6	4	0	4	3	2	1	2	2	1	2		0	false	
1189	1	6	4	0	4	3	2	1	2	2	1	2		0	false	
1190	2	6	4	0	4	3	2	1	2	2	1	2		0	false	
1191	3	6	4	0	4	3	2	1	2	2	1	2		0	false	
1192	0	5	4	1	4	3	2	1	2	2	1	2		0	false	
1193	1	5	4	1	4	3	2	1	2	2	1	2		0	false	
1194	2	5	4	1	4	3	2	1	2	2	1	2		0	false	
1195	3	5	4	1	4	3	2	1	2	2	1	2		0	false	
1196	0	6	4	1	4	3	2	1	2	2	1	2		0	false	
1197	1	6	4	1	4	3	2	1	2	2	1	2		0	false	
1198	2	6	4	1	4	3	2	1	2	2	1	2		0	false	
1199	3	6	4	1	4	3	2	1	2	2	1	2		0	false	
1200	0	5	4	2	4	3	2	1	2	2	1	2		0	false	
1201	1	5	4	2	4	3	2	1	2	2	1	2		0	false	
1202	2	5	4	2	4	3	2	1	2	2	1	2		0	false	
1203	3	5	4	2	4	3	2	1	2	2	1	2		0	false	
1204	0	6	4	2	4	3	2	1	2	2	1	2		0	false	
1205	1	6	4	2	4	3	2	1	2	2	1	2		0	false	
1206	2	6	4	2	4	3	2	1	2	2	1	2		0	false	
1207	3	6	4	2	4	3	2	1	2	2	1	2		0	false	
1208	0	5	4	3	4	3	2	1	2	2	1	2		0	false	
1209	1	5	4	3	4	3	2	1	2	2	1	2		0	false	
1210	2	5	4	3	4	3	2	1	2	2	1	2		0	false	
1211	3	5	4	3	4	3	2	1	2	2	1	2		0	false	
1212	0	6	4	3	4	3	2	1	2	2	1	2		0	false	
1213	1	6	4	3	4	3	2	1	2	2	1	2		0	false	
1214	2	6	4	3	4	3	2	1	2	2	1	2		0	false	
1215	3	6	4	3	4	3	2	1	2	2	1	2		0	false	
1216	0	5	4	0	3	3	3	1	2	2	1	2		0	false	
1217	1	5	4	0	3	3	3	1	2	2	1	2		0	false	
1218	2	5	4	0	3	3	3	1	2	2	1	2		0	false	
1219	3	5	4	0	3	3	3	1	2	2	1	2		0	false	
1220	0	6	4	0	3	3	3	1	2	2	1	2		0	false	
1221	1	6	4	0	3	3	3	1	2	2	1	2		0	false	
1222	2	6	4	0	3	3	3	1	2	2	1	2		0	false	
1223	3	6	4	0	3	3	3	1	2	2	1	2		0	false	
1224	0	5	4	1	3	3	3	1	2	2	1	2		0	false	
1225	1	5	4	1	3	3	3	1	2	2	1	2		0	false	
1226	2	5	4	1	3	3	3	1	2	2	1	2		0	false	
1227	3	5	4	1	3	3	3	1	2	2	1	2		0	false	
1228	0	6	4	1	3	3	3	1	2	2	1	2		0	false	
1229	1	6	4	1	3	3	3	1	2	2	1	2		0	false	
1230	2	6	4	1	3	3	3	1	2	2	1	2		0	false	
1231	3	6	4	1	3	3	3	1	2	2	1	2		0	false	
1232	0	5	4	2	3	3	3	1	2	2	1	2		0	false	
1233	1	5	4	2	3	3	3	1	2	2	1	2		0	false	
1234	2	5	4	2	3	3	3	1	2	2	1	2		0	false	
1235	3	5	4	2	3	3	3	1	2	2	1	2		0	false	
1236	0	6	4	2	3	3	3	1	2	2	1	2		0	false	
1237	1	6	4	2	3	3	3	1	2	2	1	2		0	false	
1238	2	6	4	2	3	3	3	1	2	2	1	2		0	false	
1239	3	6	4	2	3	3	3	1	2	2	1	2		0	false	
1240	0	5	4	3	3	3	3	1	2	2	1	2		0	false	
1241	1	5	4	3	3	3	3	1	2	2	1	2		0	false	
1242	2	5	4	3	3	3	3	1	2	2	1	2		0	false	
1243	3	5	4	3	3	3	3	1	2	2	1	2		0	false	
1244	0	6	4	3	3	3	3	1	2	2	1	2		0	false	
1245	1	6	4	3	3	3	3	1	2	2	1	2		0	false	
1246	2	6	4	3	3	3	3	1	2	2	1	2		0	false	
1247	3	6	4	3	3	3	3	1	2	2	1	2		0	false	
1248	0	5	4	0	4	3	3	1	2	2	1	2		0	false	
1249	1	5	4	0	4	3	3	1	2	2	1	2		0	false	
1250	2	5	4	0	4	3	3	1	2	2	1	2		0	false	
1251	3	5	4	0	4	3	3	1	2	2	1	2		0	false	
1252	0	6	4	0	4	3	3	1	2	2	1	2		0	false	
1253	1	6	4	0	4	3	3	1	2	2	1	2		0	false	
1254	2	6	4	0	4	3	3	1	2	2	1	2		0	false	
1255	3	6	4	0	4	3	3	1	2	2	1	2		0	false	
1256	0	5	4	1	4	3	3	1	2	2	1	2		0	false	
1257	1	5	4	1	4	3	3	1	2	2	1	2		0	false	
1258	2	5	4	1	4	3	3	1	2	2	1	2		0	false	
1259	3	5	4	1	4	3	3	1	2	2	1	2		0	false	
1260	0	6	4	1	4	3	3	1	2	2	1	2		0	false	
1261	1	6	4	1	4	3	3	1	2	2	1	2		0	false	
1262	2	6	4	1	4	3	3	1	2	2	1	2		0	false	
1263	3	6	4	1	4	3	3	1	2	2	1	2		0	false	
1264	0	5	4	2	4	3	3	1	2	2	1	2		0	false	
1265	1	5	4	2	4	3	3	1	2	2	1	2		0	false	
1266	2	5	4	2	4	3	3	1	2	2	1	2		0	false	
1267	3	5	4	2	4	3	3	1	2	2	1	2		0	false	
1268	0	6	4	2	4	3	3	1	2	2	1	2		0	false	
1269	1	6	4	2	4	3	3	1	2	2	1	2		0	false	
1270	2	6	4	2	4	3	3	1	2	2	1	2		0	false	
1271	3	6	4	2	4	3	3	1	2	2	1	2		0	false	
1272	0	5	4	3	4	3	3	1	2	2	1	2		0	false	
1273	1	5	4	3	4	3	3	1	2	2	1	2		0	false	
1274	2	5	4	3	4	3	3	1	2	2	1	2		0	false	
1275	3	5	4	3	4	3	3	1	2	2	1	2		0	false	
1276	0	6	4	3	4	3	3	1	2	2	1	2		0	false	
1277	1	6	4	3	4	3	3	1	2	2	1	2		0	false	
1278	2	6	4	3	4	3	3	1	2	2	1	2		0	false	
1279	3	6	4	3	4	3	3	1	2	2	1	2		0	false	
1280	0	5	4	0	3	3	0	2	2	2	1	2		0	false	
1281	1	5	4	0	3	3	0	2	2	2	1	2		0	false	
1282	2	5	4	0	3	3	0	2	2	2	1	2		0	false	
1283	3	5	4	0	3	3	0	2	2	2	1	2		0	false	
1284	0	6	4	0	3	3	0	2	2	2	1	2		0	false	
1285	1	6	4	0	3	3	0	2	2	2	1	2		0	false	
1286	2	6	4	0	3	3	0	2	2	2	1	2		0	false	
1287	3	6	4	0	3	3	0	2	2	2	1	2		0	false	
1288	0	5	4	1	3	3	0	2	2	2	1	2		0	false	
1289	1	5	4	1	3	3	0	2	2	2	1	2		0	false	
1290	2	5	4	1	3	3	0	2	2	2	1	2		0	false	
1291	3	5	4	1	3	3	0	2	2	2	1	2		0	false	
1292	0	6	4	1	3	3	0	2	2	2	1	2		0	false	
1293	1	6	4	1	3	3	0	2	2	2	1	2		0	false	
1294	2	6	4	1	3	3	0	2	2	2	1	2		0	false	
1295	3	6	4	1	3	3	0	2	2	2	1	2		0	false	
1296	0	5	4	2	3	3	0	2	2	2	1	2		0	false	
1297	1	5	4	2	3	3	0	2	2	2	1	2		0	false	
1298	2	5	4	2	3	3	0	2	2	2	1	2		0	false	
1299	3	5	4	2	3	3	0	2	2	2	1	2		0	false	
1300	0	6	4	2	3	3	0	2	2	2	1	2		0	false	
1301	1	6	4	2	3	3	0	2	2	2	1	2		0	false	
1302	2	6	4	2	3	3	0	2	2	2	1	2		0	false	
1303	3	6	4	2	3	3	0	2	2	2	1	2		0	false	
1304	0	5	4	3	3	3	0	2	2	2	1	2		0	false	
1305	1	5	4	3	3	3	0	2	2	2	1	2		0	false	
1306	2	5	4	3	3	3	0	2	2	2	1	2		0	false	
1307	3	5	4	3	3	3	0	2	2	2	1	2		0	false	
1308	0	6	4	3	3	3	0	2	2	2	1	2		0	false	
1309	1	6	4	3	3	3	0	2	2	2	1	2		0	false	
1310	2	6	4	3	3	3	0	2	2	2	1	2		0	false	
1311	3	6	4	3	3	3	0	2	2	2	1	2		0	false	
1312	0	5	4	0	4	3	0	2	2	2	1	2		0	false	
1313	1	5	4	0	4	3	0	2	2	2	1	2		0	false	
1314	2	5	4	0	4	3	0	2	2	2	1	2		0	false	
1315	3	5	4	0	4	3	0	2	2	2	1	2		0	false	
1316	0	6	4	0	4	3	0	2	2	2	1	2		0	false	
1317	1	6	4	0	4	3	0	2	2	2	1	2		0	false	
1318	2	6	4	0	4	3	0	2	2	2	1	2		0	false	
1319	3	6	4	0	4	3	0	2	2	2	1	2		0	false	
1320	0	5	4	1	4	3	0	2	2	2	1	2		0	false	
1321	1	5	4	1	4	3	0	2	2	2	1	2		0	false	
1322	2	5	4	1	4	3	0	2	2	2	1	2		0	false	
1323	3	5	4	1	4	3	0	2	2	2	1	2		0	false	
1324	0	6	4	1	4	3	0	2	2	2	1	2		0	false	
1325	1	6	4	1	4	3	0	2	2	2	1	2		0	false	
1326	2	6	4	1	4	3	0	2	2	2	1	2		0	false	
1327	3	6	4	1	4	3	0	2	2	2	1	2		0	false	
1328	0	5	4	2	4	3	0	2	2	2	1	2		0	false	
1329	1	5	4	2	4	3	0	2	2	2	1	2		0	false	
1330	2	5	4	2	4	3	0	2	2	2	1	2		0	false	
1331	3	5	4	2	4	3	0	2	2	2	1	2		0	false	
1332	0	6	4	2	4	3	0	2	2	2	1	2		0	false	
1333	1	6	4	2	4	3	0	2	2	2	1	2		0	false	
1334	2	6	4	2	4	3	0	2	2	2	1	2		0	false	
1335	3	6	4	2	4	3	0	2	2	2	1	2		0	false	
1336	0	5	4	3	4	3	0	2	2	2	1	2		0	false	
1337	1	5	4	3	4	3	0	2	2	2	1	2		0	false	
1338	2	5	4	3	4	3	0	2	2	2	1	2		0	false	
1339	3	5	4	3	4	3	0	2	2	2	1	2		0	false	
1340	0	6	4	3	4	3	0	2	2	2	1	2		0	false	
1341	1	6	4	3	4	3	0	2	2	2	1	2		0	false	
1342	2	6	4	3	4	3	0	2	2	2	1	2		0	false	
1343	3	6	4	3	4	3	0	2	2	2	1	2		0	false	
1344	0	5	4	0	3	3	1	2	2	2	1	2		0	false	
1345	1	5	4	0	3	3	1	2	2	2	1	2		0	false	
1346	2	5	4	0	3	3	1	2	2	2	1	2		0	false	
1347	3	5	4	0	3	3	1	2	2	2	1	2		0	false	
1348	0	6	4	0	3	3	1	2	2	2	1	2		0	false	
1349	1	6	4	0	3	3	1	2	2	2	1	2		0	false	
1350	2	6	4	0	3	3	1	2	2	2	1	2		0	false	
1351	3	6	4	0	3	3	1	2	2	2	1	2		0	false	
1352	0	5	4	1	3	3	1	2	2	2	1	2		0	false	
1353	1	5	4	1	3	3	1	2	2	2	1	2		0	false	
1354	2	5	4	1	3	3	1	2	2	2	1	2		0	false	
1355	3	5	4	1	3	3	1	2	2	2	1	2		0	false	
1356	0	6	4	1	3	3	1	2	2	2	1	2		0	false	
1357	1	6	4	1	3	3	1	2	2	2	1	2		0	false	
1358	2	6	4	1	3	3	1	2	2	2	1	2		0	false	
1359	3	6	4	1	3	3	1	2	2	2	1	2		0	false	
1360	0	5	4	2	3	3	1	2	2	2	1	2		0	false	
1361	1	5	4	2	3	3	1	2	2	2	1	2		0	false	
1362	2	5	4	2	3	3	1	2	2	2	1	2		0	false	
1363	3	5	4	2	3	3	1	2	2	2	1	2		0	false	
1364	0	6	4	2	3	3	1	2	2	2	1	2		0	false	
1365	1	6	4	2	3	3	1	2	2	2	1	2		0	false	
1366	2	6	4	2	3	3	1	2	2	2	1	2		0	false	
1367	3	6	4	2	3	3	1	2	2	2	1	2		0	false	
1368	0	5	4	3	3	3	1	2	2	2	1	2		0	false	
1369	1	5	4	3	3	3	1	2	2	2	1	2		0	false	
1370	2	5	4	3	3	3	1	2	2	2	1	2		0	false	
1371	3	5	4	3	3	3	1	2	2	2	1	2		0	false	
1372	0	6	4	3	3	3	1	2	2	2	1	2		0	false	
1373	1	6	4	3	3	3	1	2	2	2	1	2		0	false	
1374	2	6	4	3	3	3	1	2	2	2	1	2		0	false	
1375	3	6	4	3	3	3	1	2	2	2	1	2		0	false	
1376	0	5	4	0	4	3	1	2	2	2	1	2		0	false	
1377	1	5	4	0	4	3	1	2	2	2	1	2		0	false	
1378	2	5	4	0	4	3	1	2	2	2	1	2		0	false	
1379	3	5	4	0	4	3	1	2	2	2	1	2		0	false	
1380	0	6	4	0	4	3	1	2	2	2	1	2		0	false	
1381	1	6	4	0	4	3	1	2	2	2	1	2		0	false	
1382	2	6	4	0	4	3	1	2	2	2	1	2		0	false	
1383	3	6	4	0	4	3	1	2	2	2	1	2		0	false	
1384	0	5	4	1	4	3	1	2	2	2	1	2		0	false	
1385	1	5	4	1	4	3	1	2	2	2	1	2		0	false	
1386	2	5	4	1	4	3	1	2	2	2	1	2		0	false	
1387	3	5	4	1	4	3	1	2	2	2	1	2		0	false	
1388	0	6	4	1	4	3	1	2	2	2	1	2		0	false	
1389	1	6	4	1	4	3	1	2	2	2	1	2		0	false	
1390	2	6	4	1	4	3	1	2	2	2	1	2		0	false	
1391	3	6	4	1	4	3	1	2	2	2	1	2		0	false	
1392	0	5	4	2	4	3	1	2	2	2	1	2		0	false	
1393	1	5	4	2	4	3	1	2	2	2	1	2		0	false	
1394	2	5	4	2	4	3	1	2	2	2	1	2		0	false	
1395	3	5	4	2	4	3	1	2	2	2	1	2		0	false	
1396	0	6	4	2	4	3	1	2	2	2	1	2		0	false	
1397	1	6	4	2	4	3	1	2	2	2	1	2		0	false	
1398	2	6	4	2	4	3	1	2	2	2	1	2		0	false	
1399	3	6	4	2	4	3	1	2	2	2	1	2		0	false	
1400	0	5	4	3	4	3	1	2	2	2	1	2		0	false	
1401	1	5	4	3	4	3	1	2	2	2	1	2		0	false	
1402	2	5	4	3	4	3	1	2	2	2	1	2		0	false	
1403	3	5	4	3	4	3	1	2	2	2	1	2		0	false	
1404	0	6	4	3	4	3	1	2	2	2	1	2		0	false	
1405	1	6	4	3	4	3	1	2	2	2	1	2		0	false	
1406	2	6	4	3	4	3	1	2	2	2	1	2		0	false	
1407	3	6	4	3	4	3	1	2	2	2	1	2		0	false	
1408	0	5	4	0	3	3	2	2	2	2	1	2		0	false	
1409	1	5	4	0	3	3	2	2	2	2	1	2		0	false	
1410	2	5	4	0	3	3	2	2	2	2	1	2		0	false	
1411	3	5	4	0	3	3	2	2	2	2	1	2		0	false	
1412	0	6	4	0	3	3	2	2	2	2	1	2		0	false	
1413	1	6	4	0	3	3	2	2	2	2	1	2		0	false	
1414	2	6	4	0	3	3	2	2	2	2	1	2		0	false	
1415	3	6	4	0	3	3	2	2	2	2	1	2		0	false	
1416	0	5	4	1	3	3	2	2	2	2	1	2		0	false	
1417	1	5	4	1	3	3	2	2	2	2	1	2		0	false	
1418	2	5	4	1	3	3	2	2	2	2	1	2		0	false	
1419	3	5	4	1	3	3	2	2	2	2	1	2		0	false	
1420	0	6	4	1	3	3	2	2	2	2	1	2		0	false	
1421	1	6	4	1	3	3	2	2	2	2	1	2		0	false	
1422	2	6	4	1	3	3	2	2	2	2	1	2		0	false	
1423	3	6	4	1	3	3	2	2	2	2	1	2		0	false	
1424	0	5	4	2	3	3	2	2	2	2	1	2		0	false	
1425	1	5	4	2	3	3	2	2	2	2	1	2		0	false	
1426	2	5	4	2	3	3	2	2	2	2	1	2		0	false	
1427	3	5	4	2	3	3	2	2	2	2	1	2		0	false	
1428	0	6	4	2	3	3	2	2	2	2	1	2		0	false	
1429	1	6	4	2	3	3	2	2	2	2	1	2		0	false	
1430	2	6	4	2	3	3	2	2	2	2	1	2		0	false	
1431	3	6	4	2	3	3	2	2	2	2	1	2		0	false	
1432	0	5	4	3	3	3	2	2	2	2	1	2		0	false	
1433	1	5	4	3	3	3	2	2	2	2	1	2		0	false	
1434	2	5	4	3	3	3	2	2	2	2	1	2		0	false	
1435	3	5	4	3	3	3	2	2	2	2	1	2		0	false	
1436	0	6	4	3	3	3	2	2	2	2	1	2		0	false	
1437	1	6	4	3	3	3	2	2	2	2	1	2		0	false	
1438	2	6	4	3	3	3	2	2	2	2	1	2		0	false	
1439	3	6	4	3	3	3	2	2	2	2	1	2		0	false	
1440	0	5	4	0	4	3	2	2	2	2	1	2		0	false	
1441	1	5	4	0	4	3	2	2	2	2	1	2		0	false	
1442	2	5	4	0	4	3	2	2	2	2	1	2		0	false	
1443	3	5	4	0	4	3	2	2	2	2	1	2		0	false	
1444	0	6	4	0	4	3	2	2	2	2	1	2		0	false	
1445	1	6	4	0	4	3	2	2	2	2	1	2		0	false	
1446	2	6	4	0	4	3	2	2	2	2	1	2		0	false	
1447	3	6	4	0	4	3	2	2	2	2	1	2		0	false	
1448	0	5	4	1	4	3	2	2	2	2	1	2		0	false	
1449	1	5	4	1	4	3	2	2	2	2	1	2		0	false	
1450	2	5	4	1	4	3	2	2	2	2	1	2		0	false	
1451	3	5	4	1	4	3	2	2	2	2	1	2		0	false	
1452	0	6	4	1	4	3	2	2	2	2	1	2		0	false	
1453	1	6	4	1	4	3	2	2	2	2	1	2		0	false	
1454	2	6	4	1	4	3	2	2	2	2	1	2		0	false	
1455	3	6	4	1	4	3	2	2	2	2	1	2		0	false	
1456	0	5	4	2	4	3	2	2	2	2	1	2		0	false	
1457	1	5	4	2	4	3	2	2	2	2	1	2		0	false	
1458	2	5	4	2	4	3	2	2	2	2	1	2		0	false	
1459	3	5	4	2	4	3	2	2	2	2	1	2		0	false	
1460	0	6	4	2	4	3	2	2	2	2	1	2		0	false	
1461	1	6	4	2	4	3	2	2	2	2	1	2		0	false	
1462	2	6	4	2	4	3	2	2	2	2	1	2		0	false	
1463	3	6	4	2	4	3	2	2	2	2	1	2		0	false	
1464	0	5	4	3	4	3	2	2	2	2	1	2		0	false	
1465	1	5	4	3	4	3	2	2	2	2	1	2		0	false	
1466	2	5	4	3	4	3	2	2	2	2	1	2		0	false	
1467	3	5	4	3	4	3	2	2	2	2	1	2		0	false	
1468	0	6	4	3	4	3	2	2	2	2	1	2		0	false	
1469	1	6	4	3	4	3	2	2	2	2	1	2		0	false	
1470	2	6	4	3	4	3	2	2	2	2	1	2		0	false	
1471	3	6	4	3	4	3	2	2	2	2	1	2		0	false	
1472	0	5	4	0	3	3	3	2	2	2	1	2		0	false	
1473	1	5	4	0	3	3	3	2	2	2	1	2		0	false	
1474	2	5	4	0	3	3	3	2	2	2	1	2		0	false	
1475	3	5	4	0	3	3	3	2	2	2	1	2		0	false	
1476	0	6	4	0	3	3	3	2	2	2	1	2		0	false	
1477	1	6	4	0	3	3	3	2	2	2	1	2		0	false	
1478	2	6	4	0	3	3	3	2	2	2	1	2		0	false	
1479	3	6	4	0	3	3	3	2	2	2	1	2		0	false	
1480	0	5	4	1	3	3	3	2	2	2	1	2		0	false	
1481	1	5	4	1	3	3	3	2	2	2	1	2		0	false	
1482	2	5	4	1	3	3	3	2	2	2	1	2		0	false	
1483	3	5	4	1	3	3	3	2	2	2	1	2		0	false	
1484	0	6	4	1	3	3	3	2	2	2	1	2		0	false	
1485	1	6	4	1	3	3	3	2	2	2	1	2		0	false	
1486	2	6	4	1	3	3	3	2	2	2	1	2		0	false	
1487	3	6	4	1	3	3	3	2	2	2	1	2		0	false	
1488	0	5	4	2	3	3	3	2	2	2	1	2		0	false	
1489	1	5	4	2	3	3	3	2	2	2	1	2		0	false	
1490	2	5	4	2	3	3	3	2	2	2	1	2		0	false	
1491	3	5	4	2	3	3	3	2	2	2	1	2		0	false	
1492	0	6	4	2	3	3	3	2	2	2	1	2		0	false	
1493	1	6	4	2	3	3	3	2	2	2	1	2		0	false	
1494	2	6	4	2	3	3	3	2	2	2	1	2		0	false	
1495	3	6	4	2	3	3	3	2	2	2	1	2		0	false	
1496	0	5	4	3	3	3	3	2	2	2	1	2		0	false	
1497	1	5	4	3	3	3	3	2	2	2	1	2		0	false	
1498	2	5	4	3	3	3	3	2	2	2	1	2		0	false	
1499	3	5	4	3	3	3	3	2	2	2	1	2		0	false	
1500	0	6	4	3	3	3	3	2	2	2	1	2		0	false	
1501	1	6	4	3	3	3	3	2	2	2	1	2		0	false	
1502	2	6	4	3	3	3	3	2	2	2	1	2		0	false	
1503	3	6	4	3	3	3	3	2	2	2	1	2		0	false	
1504	0	5	4	0	4	3	3	2	2	2	1	2		0	false	
1505	1	5	4	0	4	3	3	2	2	2	1	2		0	false	
1506	2	5	4	0	4	3	3	2	2	2	1	2		0	false	
1507	3	5	4	0	4	3	3	2	2	2	1	2		0	false	
1508	0	6	4	0	4	3	3	2	2	2	1	2		0	false	
1509	1	6	4	0	4	3	3	2	2	2	1	2		0	false	
1510	2	6	4	0	4	3	3	2	2	2	1	2		0	false	
1511	3	6	4	0	4	3	3	2	2	2	1	2		0	false	
1512	0	5	4	1	4	3	3	2	2	2	1	2		0	false	
1513	1	5	4	1	4	3	3	2	2	2	1	2		0	false	
1514	2	5	4	1	4	3	3	2	2	2	1	2		0	false	
1515	3	5	4	1	4	3	3	2	2	2	1	2		0	false	
1516	0	6	4	1	4	3	3	2	2	2	1	2		0	false	
1517	1	6	4	1	4	3	3	2	2	2	1	2		0	false	
1518	2	6	4	1	4	3	3	2	2	2	1	2		0	false	
1519	3	6	4	1	4	3	3	2	2	2	1	2		0	false	
1520	0	5	4	2	4	3	3	2	2	2	1	2		0	false	
1521	1	5	4	2	4	3	3	2	2	2	1	2		0	false	
1522	2	5	4	2	4	3	3	2	2	2	1	2		0	false	
1523	3	5	4	2	4	3	3	2	2	2	1	2		0	false	
1524	0	6	4	2	4	3	3	2	2	2	1	2		0	false	
1525	1	6	4	2	4	3	3	2	2	2	1	2		0	false	
1526	2	6	4	2	4	3	3	2	2	2	1	2		0	false	
1527	3	6	4	2	4	3	3	2	2	2	1	2		0	false	
1528	0	5	4	3	4	3	3	2	2	2	1	2		0	false	
1529	1	5	4	3	4	3	3	2	2	2	1	2		0	false	
1530	2	5	4	3	4	3	3	2	2	2	1	2		0	false	
1531	3	5	4	3	4	3	3	2	2	2	1	2		0	false	
1532	0	6	4	3	4	3	3	2	2	2	1	2		0	false	
1533	1	6	4	3	4	3	3	2	2	2	1	2		0	false	
1534	2	6	4	3	4	3	3	2	2	2	1	2		0	false	
1535	3	6	4	3	4	3	3	2	2	2	1	2		0	false	
1536	0	5	4	0	3	3	0	1	2	3	1	2		0	false	
1537	1	5	4	0	3	3	0	1	2	3	1	2		0	false	
1538	2	5	4	0	3	3	0	1	2	3	1	2		0	false	
1539	3	5	4	0	3	3	0	1	2	3	1	2		0	false	
1540	0	6	4	0	3	3	0	1	2	3	1	2		0	false	
1541	1	6	4	0	3	3	0	1	2	3	1	2		0	false	
1542	2	6	4	0	3	3	0	1	2	3	1	2		0	false	
1543	3	6	4	0	3	3	0	1	2	3	1	2		0	false	
1544	0	5	4	1	3	3	0	1	2	3	1	2		0	false	
1545	1	5	4	1	3	3	0	1	2	3	1	2		0	false	
1546	2	5	4	1	3	3	0	1	2	3	1	2		0	false	
1547	3	5	4	1	3	3	0	1	2	3	1	2		0	false	
1548	0	6	4	1	3	3	0	1	2	3	1	2		0	false	
1549	1	6	4	1	3	3	0	1	2	3	1	2		0	false	
1550	2	6	4	1	3	3	0	1	2	3	1	2		0	false	
1551	3	6	4	1	3	3	0	1	2	3	1	2		0	false	
1552	0	5	4	2	3	3	0	1	2	3	1	2		0	false	
1553	1	5	4	2	3	3	0	1	2	3	1	2		0	false	
1554	2	5	4	2	3	3	0	1	2	3	1	2		0	false	
1555	3	5	4	2	3	3	0	1	2	3	1	2		0	false	
1556	0	6	4	2	3	3	0	1	2	3	1	2		0	false	
1557	1	6	4	2	3	3	0	1	2	3	1	2		0	false	
1558	2	6	4	2	3	3	0	1	2	3	1	2		0	false	
1559	3	6	4	2	3	3	0	1	2	3	1	2		0	false	
1560	0	5	4	3	3	3	0	1	2	3	1	2		0	false	
1561	1	5	4	3	3	3	0	1	2	3	1	2		0	false	
1562	2	5	4	3	3	3	0	1	2	3	1	2		0	false	
1563	3	5	4	3	3	3	0	1	2	3	1	2		0	false	
1564	0	6	4	3	3	3	0	1	2	3	1	2		0	false	
1565	1	6	4	3	3	3	0	1	2	3	1	2		0	false	
1566	2	6	4	3	3	3	0	1	2	3	1	2		0	false	
1567	3	6	4	3	3	3	0	1	2	3	1	2		0	false	
1568	0	5	4	0	4	3	0	1	2	3	1	2		0	false	
1569	1	5	4	0	4	3	0	1	2	3	1	2		0	false	
1570	2	5	4	0	4	3	0	1	2	3	1	2		0	false	
1571	3	5	4	0	4	3	0	1	2	3	1	2		0	false	
1572	0	6	4	0	4	3	0	1	2	3	1	2		0	false	
1573	1	6	4	0	4	3	0	1	2	3	1	2		0	false	
1574	2	6	4	0	4	3	0	1	2	3	1	2		0	false	
1575	3	6	4	0	4	3	0	1	2	3	1	2		0	false	
1576	0	5	4	1	4	3	0	1	2	3	1	2		0	false	
1577	1	5	4	1	4	3	0	1	2	3	1	2		0	false	
1578	2	5	4	1	4	3	0	1	2	3	1	2		0	false	
1579	3	5	4	1	4	3	0	1	2	3	1	2		0	false	
1580	0	6	4	1	4	3	0	1	2	3	1	2		0	false	
1581	1	6	4	1	4	3	0	1	2	3	1	2		0	false	
1582	2	6	4	1	4	3	0	1	2	3	1	2		0	false	
1583	3	6	4	1	4	3	0	1	2	3	1	2		0	false	
1584	0	5	4	2	4	3	0	1	2	3	1	2		0	false	
1585	1	5	4	2	4	3	0	1	2	3	1	2		0	false	
1586	2	5	4	2	4	3	0	1	2	3	1	2		0	false	
1587	3	5	4	2	4	3	0	1	2	3	1	2		0	false	
1588	0	6	4	2	4	3	0	1	2	3	1	2		0	false	
1589	1	6	4	2	4	3	0	1	2	3	1	2		0	false	
1590	2	6	4	2	4	3	0	1	2	3	1	2		0	false	
1591	3	6	4	2	4	3	0	1	2	3	1	2		0	false	
1592	0	5	4	3	4	3	0	1	2	3	1	2		0	false	
1593	1	5	4	3	4	3	0	1	2	3	1	2		0	false	
1594	2	5	4	3	4	3	0	1	2	3	1	2		0	false	
1595	3	5	4	3	4	3	0	1	2	3	1	2		0	false	
1596	0	6	4	3	4	3	0	1	2	3	1	2		0	false	
1597	1	6	4	3	4	3	0	1	2	3	1	2		0	false	
1598	2	6	4	3	4	3	0	1	2	3	1	2		0	false	
1599	3	6	4	3	4	3	0	1	2	3	1	2		0	false	
1600	0	5	4	0	3	3	1	1	2	3	1	2		0	false	
1601	1	5	4	0	3	3	1	1	2	3	1	2		0	false	
1602	2	5	4	0	3	3	1	1	2	3	1	2		0	false	
1603	3	5	4	0	3	3	1	1	2	3	1	2		0	false	
1604	0	6	4	0	3	3	1	1	2	3	1	2		0	false	
1605	1	6	4	0	3	3	1	1	2	3	1	2		0	false	
1606	2	6	4	0	3	3	1	1	2	3	1	2		0	false	
1607	3	6	4	0	3	3	1	1	2	3	1	2		0	false	
1608	0	5	4	1	3	3	1	1	2	3	1	2		0	false	
1609	1	5	4	1	3	3	1	1	2	3	1	2		0	false	
1610	2	5	4	1	3	3	1	1	2	3	1	2		0	false	
1611	3	5	4	1	3	3	1	1	2	3	1	2		0	false	
1612	0	6	4	1	3	3	1	1	2	3	1	2		0	false	
1613	1	6	4	1	3	3	1	1	2	3	1	2		0	false	
1614	2	6	4	1	3	3	1	1	2	3	1	2		0	false	
1615	3	6	4	1	3	3	1	1	2	3	1	2		0	false	
1616	0	5	4	2	3	3	1	1	2	3	1	2		0	false	
1617	1	5	4	2	3	3	1	1	2	3	1	2		0	false	
1618	2	5	4	2	3	3	1	1	2	3	1	2		0	false	
1619	3	5	4	2	3	3	1	1	2	3	1	2		0	false	
1620	0	6	4	2	3	3	1	1	2	3	1	2		0	false	
1621	1	6	4	2	3	3	1	1	2	3	1	2		0	false	
1622	2	6	4	2	3	3	1	1	2	3	1	2		0	false	
1623	3	6	4	2	3	3	1	1	2	3	1	2		0	false	
1624	0	5	4	3	3	3	1	1	2	3	1	2		0	false	
1625	1	5	4	3	3	3	1	1	2	3	1	2		0	false	
1626	2	5	4	3	3	3	1	1	2	3	1	2		0	false	
1627	3	5	4	3	3	3	1	1	2	3	1	2		0	false	
1628	0	6	4	3	3	3	1	1	2	3	1	2		0	false	
1629	1	6	4	3	3	3	1	1	2	3	1	2		0	false	
1630	2	6	4	3	3	3	1	1	2	3	1	2		0	false	
1631	3	6	4	3	3	3	1	1	2	3	1	2		0	false	
1632	0	5	4	0	4	3	1	1	2	3	1	2		0	false	
1633	1	5	4	0	4	3	1	1	2	3	1	2		0	false	
1634	2	5	4	0	4	3	1	1	2	3	1	2		0	false	
1635	3	5	4	0	4	3	1	1	2	3	1	2		0	false	
1636	0	6	4	0	4	3	1	1	2	3	1	2		0	false	
1637	1	6	4	0	4	3	1	1	2	3	1	2		0	false	
1638	2	6	4	0	4	3	1	1	2	3	1	2		0	false	
1639	3	6	4	0	4	3	1	1	2	3	1	2		0	false	
1640	0	5	4	1	4	3	1	1	2	3	1	2		0	false	
1641	1	5	4	1	4	3	1	1	2	3	1	2		0	false	
1642	2	5	4	1	4	3	1	1	2	3	1	2		0	false	
1643	3	5	4	1	4	3	1	1	2	3	1	2		0	false	
1644	0	6	4	1	4	3	1	1	2	3	1	2		0	false	
1645	1	6	4	1	4	3	1	1	2	3	1	2		0	false	
1646	2	6	4	1	4	3	1	1	2	3	1	2		0	false	
1647	3	6	4	1	4	3	1	1	2	3	1	2		0	false	
1648	0	5	4	2	4	3	1	1	2	3	1	2		0	false	
1649	1	5	4	2	4	3	1	1	2	3	1	2		0	false	
1650	2	5	4	2	4	3	1	1	2	3	1	2		0	false	
1651	3	5	4	2	4	3	1	1	2	3	1	2		0	false	
1652	0	6	4	2	4	3	1	1	2	3	1	2		0	false	
1653	1	6	4	2	4	3	1	1	2	3	1	2		0	false	
1654	2	6	4	2	4	3	1	1	2	3	1	2		0	false	
1655	3	6	4	2	4	3	1	1	2	3	1	2		0	false	
1656	0	5	4	3	4	3	1	1	2	3	1	2		0	false	
1657	1	5	4	3	4	3	1	1	2	3	1	2		0	false	
1658	2	5	4	3	4	3	1	1	2	3	1	2		0	false	
1659	3	5	4	3	4	3	1	1	2	3	1	2		0	false	
1660	0	6	4	3	4	3	1	1	2	3	1	2		0	false	
1661	1	6	4	3	4	3	1	1	2	3	1	2		0	false	
1662	2	6	4	3	4	3	1	1	2	3	1	2		0	false	
1663	3	6	4	3	4	3	1	1	2	3	1	2		0	false	
1664	0	5	4	0	3	3	2	1	2	3	1	2		0	false	
1665	1	5	4	0	3	3	2	1	2	3	1	2		0	false	
1666	2	5	4	0	3	3	2	1	2	3	1	2		0	false	
1667	3	5	4	0	3	3	2	1	2	3	1	2		0	false	
1668	0	6	4	0	3	3	2	1	2	3	1	2		0	false	
1669	1	6	4	0	3	3	2	1	2	3	1	2		0	false	
1670	2	6	4	0	3	3	2	1	2	3	1	2		0	false	
1671	3	6	4	0	3	3	2	1	2	3	1	2		0	false	
1672	0	5	4	1	3	3	2	1	2	3	1	2		0	false	
1673	1	5	4	1	3	3	2	1	2	3	1	2		0	false	
1674	2	5	4	1	3	3	2	1	2	3	1	2		0	false	
1675	3	5	4	1	3	3	2	1	2	3	1	2		0	false	
1676	0	6	4	1	3	3	2	1	2	3	1	2		0	false	
1677	1	6	4	1	3	3	2	1	2	3	1	2		0	false	
1678	2	6	4	1	3	3	2	1	2	3	1	2		0	false	
1679	3	6	4	1	3	3	2	1	2	3	1	2		0	false	
1680	0	5	4	2	3	3	2	1	2	3	1	2		0	false	
1681	1	5	4	2	3	3	2	1	2	3	1	2		0	false	
1682	2	5	4	2	3	3	2	1	2	3	1	2		0	false	
1683	3	5	4	2	3	3	2	1	2	3	1	2		0	false	
1684	0	6	4	2	3	3	2	1	2	3	1	2		0	false	
1685	1	6	4	2	3	3	2	1	2	3	1	2		0	false	
1686	2	6	4	2	3	3	2	1	2	3	1	2		0	false	
1687	3	6	4	2	3	3	2	1	2	3	1	2		0	false	
1688	0	5	4	3	3	3	2	1	2	3	1	2		0	false	
1689	1	5	4	3	3	3	2	1	2	3	1	2		0	false	
1690	2	5	4	3	3	3	2	1	2	3	1	2		0	false	
1691	3	5	4	3	3	3	2	1	2	3	1	2		0	false	
1692	0	6	4	3	3	3	2	1	2	3	1	2		0	false	
1693	1	6	4	3	3	3	2	1	2	3	1	2		0	false	
1694	2	6	4	3	3	3	2	1	2	3	1	2		0	false	
1695	3	6	4	3	3	3	2	1	2	3	1	2		0	false	
1696	0	5	4	0	4	3	2	1	2	3	1	2		0	false	
1697	1	5	4	0	4	3	2	1	2	3	1	2		0	false	
1698	2	5	4	0	4	3	2	1	2	3	1	2		0	false	
1699	3	5	4	0	4	3	2	1	2	3	1	2		0	false	
1700	0	6	4	0	4	3	2	1	2	3	1	2		0	false	
1701	1	6	4	0	4	3	2	1	2	3	1	2		0	false	
1702	2	6	4	0	4	3	2	1	2	3	1	2		0	false	
1703	3	6	4	0	4	3	2	1	2	3	1	2		0	false	
1704	0	5	4	1	4	3	2	1	2	3	1	2		0	false	
1705	1	5	4	1	4	3	2	1	2	3	1	2		0	false	
1706	2	5	4	1	4	3	2	1	2	3	1	2		0	false	
1707	3	5	4	1	4	3	2	1	2	3	1	2		0	false	
1708	0	6	4	1	4	3	2	1	2	3	1	2		0	false	
1709	1	6	4	1	4	3	2	1	2	3	1	2		0	false	
1710	2	6	4	1	4	3	2	1	2	3	1	2		0	false	
1711	3	6	4	1	4	3	2	1	2	3	1	2		0	false	
1712	0	5	4	2	4	3	2	1	2	3	1	2		0	false	
1713	1	5	4	2	4	3	2	1	2	3	1	2		0	false	
1714	2	5	4	2	4	3	2	1	2	3	1	2		0	false	
1715	3	5	4	2	4	3	2	1	2	3	1	2		0	false	
1716	0	6	4	2	4	3	2	1	2	3	1	2		0	false	
1717	1	6	4	2	4	3	2	1	2	3	1	2		0	false	
1718	2	6	4	2	4	3	2	1	2	3	1	2		0	false	
1719	3	6	4	2	4	3	2	1	2	3	1	2		0	false	
1720	0	5	4	3	4	3	2	1	2	3	1	2		0	false	
1721	1	5	4	3	4	3	2	1	2	3	1	2		0	false	
1722	2	5	4	3	4	3	2	1	2	3	1	2		0	false	
1723	3	5	4	3	4	3	2	1	2	3	1	2		0	false	
1724	0	6	4	3	4	3	2	1	2	3	1	2		0	false	
1725	1	6	4	3	4	3	2	1	2	3	1	2		0	false	
1726	2	6	4	3	4	3	2	1	2	3	1	2		0	false	
1727	3	6	4	3	4	3	2	1	2	3	1	2		0	false	
1728	0	5	4	0	3	3	3	1	2	3	1	2		0	false	
1729	1	5	4	0	3	3	3	1	2	3	1	2		0	false	
1730	2	5	4	0	3	3	3	1	2	3	1	2		0	false	
1731	3	5	4	0	3	3	3	1	2	3	1	2		0	false	
1732	0	6	4	0	3	3	3	1	2	3	1	2		0	false	
1733	1	6	4	0	3	3	3	1	2	3	1	2		0	false	
1734	2	6	4	0	3	3	3	1	2	3	1	2		0	false	
1735	3	6	4	0	3	3	3	1	2	3	1	2		0	false	
1736	0	5	4	1	3	3	3	1	2	3	1	2		0	false	
1737	1	5	4	1	3	3	3	1	2	3	1	2		0	false	
1738	2	5	4	1	3	3	3	1	2	3	1	2		0	false	
1739	3	5	4	1	3	3	3	1	2	3	1	2		0	false	
1740	0	6	4	1	3	3	3	1	2	3	1	2		0	false	
1741	1	6	4	1	3	3	3	1	2	3	1	2		0	false	
1742	2	6	4	1	3	3	3	1	2	3	1	2		0	false	
1743	3	6	4	1	3	3	3	1	2	3	1	2		0	false	
1744	0	5	4	2	3	3	3	1	2	3	1	2		0	false	
1745	1	5	4	2	3	3	3	1	2	3	1	2		0	false	
1746	2	5	4	2	3	3	3	1	2	3	1	2		0	false	
1747	3	5	4	2	3	3	3	1	2	3	1	2		0	false	
1748	0	6	4	2	3	3	3	1	2	3	1	2		0	false	
1749	1	6	4	2	3	3	3	1	2	3	1	2		0	false	
1750	2	6	4	2	3	3	3	1	2	3	1	2		0	false	
1751	3	6	4	2	3	3	3	1	2	3	1	2		0	false	
1752	0	5	4	3	3	3	3	1	2	3	1	2		0	false	
1753	1	5	4	3	3	3	3	1	2	3	1	2		0	false	
1754	2	5	4	3	3	3	3	1	2	3	1	2		0	false	
1755	3	5	4	3	3	3	3	1	2	3	1	2		0	false	
1756	0	6	4	3	3	3	3	1	2	3	1	2		0	false	
1757	1	6	4	3	3	3	3	1	2	3	1	2		0	false	
1758	2	6	4	3	3	3	3	1	2	3	1	2		0	false	
1759	3	6	4	3	3	3	3	1	2	3	1	2		0	false	
1760	0	5	4	0	4	3	3	1	2	3	1	2		0	false	
1761	1	5	4	0	4	3	3	1	2	3	1	2		0	false	
1762	2	5	4	0	4	3	3	1	2	3	1	2		0	false	
1763	3	5	4	0	4	3	3	1	2	3	1	2		0	false	
1764	0	6	4	0	4	3	3	1	2	3	1	2		0	false	
1765	1	6	4	0	4	3	3	1	2	3	1	2		0	false	
1766	2	6	4	0	4	3	3	1	2	3	1	2		0	false	
1767	3	6	4	0	4	3	3	1	2	3	1	2		0	false	
1768	0	5	4	1	4	3	3	1	2	3	1	2		0	false	
1769	1	5	4	1	4	3	3	1	2	3	1	2		0	false	
1770	2	5	4	1	4	3	3	1	2	3	1	2		0	false	
1771	3	5	4	1	4	3	3	1	2	3	1	2		0	false	
1772	0	6	4	1	4	3	3	1	2	3	1	2		0	false	
1773	1	6	4	1	4	3	3	1	2	3	1	2		0	false	
1774	2	6	4	1	4	3	3	1	2	3	1	2		0	false	
1775	3	6	4	1	4	3	3	1	2	3	1	2		0	false	
1776	0	5	4	2	4	3	3	1	2	3	1	2		0	false	
1777	1	5	4	2	4	3	3	1	2	3	1	2		0	false	
1778	2	5	4	2	4	3	3	1	2	3	1	2		0	false	
1779	3	5	4	2	4	3	3	1	2	3	1	2		0	false	
1780	0	6	4	2	4	3	3	1	2	3	1	2		0	false	
1781	1	6	4	2	4	3	3	1	2	3	1	2		0	false	
1782	2	6	4	2	4	3	3	1	2	3	1	2		0	false	
1783	3	6	4	2	4	3	3	1	2	3	1	2		0	false	
1784	0	5	4	3	4	3	3	1	2	3	1	2		0	false	
1785	1	5	4	3	4	3	3	1	2	3	1	2		0	false	
1786	2	5	4	3	4	3	3	1	2	3	1	2		0	false	
1787	3	5	4	3	4	3	3	1	2	3	1	2		0	false	
1788	0	6	4	3	4	3	3	1	2	3	1	2		0	false	
1789	1	6	4	3	4	3	3	1	2	3	1	2		0	false	
1790	2	6	4	3	4	3	3	1	2	3	1	2		0	false	
1791	3	6	4	3	4	3	3	1	2	3	1	2		0	false	
1792	0	5	4	0	3	3	0	2	2	3	1	2		0	false	
1793	1	5	4	0	3	3	0	2	2	3	1	2		0	false	
1794	2	5	4	0	3	3	0	2	2	3	1	2		0	false	
1795	3	5	4	0	3	3	0	2	2	3	1	2		0	false	
1796	0	6	4	0	3	3	0	2	2	3	1	2		0	false	
1797	1	6	4	0	3	3	0	2	2	3	1	2		0	false	
1798	2	6	4	0	3	3	0	2	2	3	1	2		0	false	
1799	3	6	4	0	3	3	0	2	2	3	1	2		0	false	
1800	0	5	4	1	3	3	0	2	2	3	1	2		0	false	
1801	1	5	4	1	3	3	0	2	2	3	1	2		0	false	
1802	2	5	4	1	3	3	0	2	2	3	1	2		0	false	
1803	3	5	4	1	3	3	0	2	2	3	1	2		0	false	
1804	0	6	4	1	3	3	0	2	2	3	1	2		0	false	
1805	1	6	4	1	3	3	0	2	2	3	1	2		0	false	
1806	2	6	4	1	3	3	0	2	2	3	1	2		0	false	
1807	3	6	4	1	3	3	0	2	2	3	1	2		0	false	
1808	0	5	4	2	3	3	0	2	2	3	1	2		0	false	
1809	1	5	4	2	3	3	0	2	2	3	1	2		0	false	
1810	2	5	4	2	3	3	0	2	2	3	1	2		0	false	
1811	3	5	4	2	3	3	0	2	2	3	1	2		0	false	
1812	0	6	4	2	3	3	0	2	2	3	1	2		0	false	
1813	1	6	4	2	3	3	0	2	2	3	1	2		0	false	
1814	2	6	4	2	3	3	0	2	2	3	1	2		0	false	
1815	3	6	4	2	3	3	0	2	2	3	1	2		0	false	
1816	0	5	4	3	3	3	0	2	2	3	1	2		0	false	
1817	1	5	4	3	3	3	0	2	2	3	1	2		0	false	
1818	2	5	4	3	3	3	0	2	2	3	1	2		0	false	
1819	3	5	4	3	3	3	0	2	2	3	1	2		0	false	
1820	0	6	4	3	3	3	0	2	2	3	1	2		0	false	
1821	1	6	4	3	3	3	0	2	2	3	1	2		0	false	
1822	2	6	4	3	3	3	0	2	2	3	1	2		0	false	
1823	3	6	4	3	3	3	0	2	2	3	1	2		0	false	
1824	0	5	4	0	4	3	0	2	2	3	1	2		0	false	
1825	1	5	4	0	4	3	0	2	2	3	1	2		0	false	
1826	2	5	4	0	4	3	0	2	2	3	1	2		0	false	
1827	3	5	4	0	4	3	0	2	2	3	1	2		0	false	
1828	0	6	4	0	4	3	0	2	2	3	1	2		0	false	
1829	1	6	4	0	4	3	0	2	2	3	1	2		0	false	
1830	2	6	4	0	4	3	0	2	2	3	1	2		0	false	
1831	3	6	4	0	4	3	0	2	2	3	1	2		0	false	
1832	0	5	4	1	4	3	0	2	2	3	1	2		0	false	
1833	1	5	4	1	4	3	0	2	2	3	1	2		0	false	
1834	2	5	4	1	4	3	0	2	2	3	1	2		0	false	
1835	3	5	4	1	4	3	0	2	2	3	1	2		0	false	
1836	0	6	4	1	4	3	0	2	2	3	1	2		0	false	
1837	1	6	4	1	4	3	0	2	2	3	1	2		0	false	
1838	2	6	4	1	4	3	0	2	2	3	1	2		0	false	
1839	3	6	4	1	4	3	0	2	2	3	1	2		0	false	
1840	0	5	4	2	4	3	0	2	2	3	1	2		0	false	
1841	1	5	4	2	4	3	0	2	2	3	1	2		0	false	
1842	2	5	4	2	4	3	0	2	2	3	1	2		0	false	
1843	3	5	4	2	4	3	0	2	2	3	1	2		0	false	
1844	0	6	4	2	4	3	0	2	2	3	1	2		0	false	
1845	1	6	4	2	4	3	0	2	2	3	1	2		0	false	
1846	2	6	4	2	4	3	0	2	2	3	1	2		0	false	
1847	3	6	4	2	4	3	0	2	2	3	1	2		0	false	
1848	0	5	4	3	4	3	0	2	2	3	1	2		0	false	
1849	1	5	4	3	4	3	0	2	2	3	1	2		0	false	
1850	2	5	4	3	4	3	0	2	2	3	1	2		0	false	
1851	3	5	4	3	4	3	0	2	2	3	1	2		0	false	
1852	0	6	4	3	4	3	0	2	2	3	1	2		0	false	
1853	1	6	4	3	4	3	0	2	2	3	1	2		0	false	
1854	2	6	4	3	4	3	0	2	2	3	1	2		0	false	
1855	3	6	4	3	4	3	0	2	2	3	1	2		0	false	
1856	0	5	4	0	3	3	1	2	2	3	1	2		0	false	
1857	1	5	4	0	3	3	1	2	2	3	1	2		0	false	
1858	2	5	4	0	3	3	1	2	2	3	1	2		0	false	
1859	3	5	4	0	3	3	1	2	2	3	1	2		0	false	
1860	0	6	4	0	3	3	1	2	2	3	1	2		0	false	
1861	1	6	4	0	3	3	1	2	2	3	1	2		0	false	
1862	2	6	4	0	3	3	1	2	2	3	1	2		0	false	
1863	3	6	4	0	3	3	1	2	2	3	1	2		0	false	
1864	0	5	4	1	3	3	1	2	2	3	1	2		0	false	
1865	1	5	4	1	3	3	1	2	2	3	1	2		0	false	
1866	2	5	4	1	3	3	1	2	2	3	1	2		0	false	
1867	3	5	4	1	3	3	1	2	2	3	1	2		0	false	
1868	0	6	4	1	3	3	1	2	2	3	1	2		0	false	
1869	1	6	4	1	3	3	1	2	2	3	1	2		0	false	
1870	2	6	4	1	3	3	1	2	2	3	1	2		0	false	
1871	3	6	4	1	3	3	1	2	2	3	1	2		0	false	
1872	0	5	4	2	3	3	1	2	2	3	1	2		0	false	
1873	1	5	4	2	3	3	1	2	2	3	1	2		0	false	
1874	2	5	4	2	3	3	1	2	2	3	1	2		0	false	
1875	3	5	4	2	3	3	1	2	2	3	1	2		0	false	
1876	0	6	4	2	3	3	1	2	2	3	1	2		0	false	
1877	1	6	4	2	3	3	1	2	2	3	1	2		0	false	
1878	2	6	4	2	3	3	1	2	2	3	1	2		0	false	
1879	3	6	4	2	3	3	1	2	2	3	1	2		0	false	
1880	0	5	4	3	3	3	1	2	2	3	1	2		0	false	
1881	1	5	4	3	3	3	1	2	2	3	1	2		0	false	
1882	2	5	4	3	3	3	1	2	2	3	1	2		0	false	
1883	3	5	4	3	3	3	1	2	2	3	1	2		0	false	
1884	0	6	4	3	3	3	1	2	2	3	1	2		0	false	
1885	1	6	4	3	3	3	1	2	2	3	1	2		0	false	
1886	2	6	4	3	3	3	1	2	2	3	1	2		0	false	
1887	3	6	4	3	3	3	1	2	2	3	1	2		0	false	
1888	0	5	4	0	4	3	1	2	2	3	1	2		0	false	
1889	1	5	4	0	4	3	1	2	2	3	1	2		0	false	
1890	2	5	4	0	4	3	1	2	2	3	1	2		0	false	
1891	3	5	4	0	4	3	1	2	2	3	1	2		0	false	
1892	0	6	4	0	4	3	1	2	2	3	1	2		0	false	
1893	1	6	4	0	4	3	1	2	2	3	1	2		0	false	
1894	2	6	4	0	4	3	1	2	2	3	1	2		0	false	
1895	3	6	4	0	4	3	1	2	2	3	1	2		0	false	
1896	0	5	4	1	4	3	1	2	2	3	1	2		0	false	
1897	1	5	4	1	4	3	1	2	2	3	1	2		0	false	
1898	2	5	4	1	4	3	1	2	2	3	1	2		0	false	
1899	3	5	4	1	4	3	1	2	2	3	1	2		0	false	
1900	0	6	4	1	4	3	1	2	2	3	1	2		0	false	
1901	1	6	4	1	4	3	1	2	2	3	1	2		0	false	
1902	2	6	4	1	4	3	1	2	2	3	1	2		0	false	
1903	3	6	4	1	4	3	1	2	2	3	1	2		0	false	
1904	0	5	4	2	4	3	1	2	2	3	1	2		0	false	
1905	1	5	4	2	4	3	1	2	2	3	1	2		0	false	
1906	2	5	4	2	4	3	1	2	2	3	1	2		0	false	
1907	3	5	4	2	4	3	1	2	2	3	1	2		0	false	
1908	0	6	4	2	4	3	1	2	2	3	1	2		0	false	
1909	1	6	4	2	4	3	1	2	2	3	1	2		0	false	
1910	2	6	4	2	4	3	1	2	2	3	1	2		0	false	
1911	3	6	4	2	4	3	1	2	2	3	1	2		0	false	
1912	0	5	4	3	4	3	1	2	2	3	1	2		0	false	
1913	1	5	4	3	4	3	1	2	2	3	1	2		0	false	
1914	2	5	4	3	4	3	1	2	2	3	1	2		0	false	
1915	3	5	4	3	4	3	1	2	2	3	1	2		0	false	
1916	0	6	4	3	4	3	1	2	2	3	1	2		0	false	
1917	1	6	4	3	4	3	1	2	2	3	1	2		0	false	
1918	2	6	4	3	4	3	1	2	2	3	1	2		0	false	
1919	3	6	4	3	4	3	1	2	2	3	1	2		0	false	
1920	0	5	4	0	3	3	2	2	2	3	1	2		0	false	
1921	1	5	4	0	3	3	2	2	2	3	1	2		0	false	
1922	2	5	4	0	3	3	2	2	2	3	1	2		0	false	
1923	3	5	4	0	3	3	2	2	2	3	1	2		0	false	
1924	0	6	4	0	3	3	2	2	2	3	1	2		0	false	
1925	1	6	4	0	3	3	2	2	2	3	1	2		0	false	
1926	2	6	4	0	3	3	2	2	2	3	1	2		0	false	
1927	3	6	4	0	3	3	2	2	2	3	1	2		0	false	
1928	0	5	4	1	3	3	2	2	2	3	1	2		0	false	
1929	1	5	4	1	3	3	2	2	2	3	1	2		0	false	
1930	2	5	4	1	3	3	2	2	2	3	1	2		0	false	
1931	3	5	4	1	3	3	2	2	2	3	1	2		0	false	
1932	0	6	4	1	3	3	2	2	2	3	1	2		0	false	
1933	1	6	4	1	3	3	2	2	2	3	1	2		0	false	
1934	2	6	4	1	3	3	2	2	2	3	1	2		0	false	
1935	3	6	4	1	3	3	2	2	2	3	1	2		0	false	
1936	0	5	4	2	3	3	2	2	2	3	1	2		0	false	
1937	1	5	4	2	3	3	2	2	2	3	1	2		0	false	
1938	2	5	4	2	3	3	2	2	2	3	1	2		0	false	
1939	3	5	4	2	3	3	2	2	2	3	1	2		0	false	
1940	0	6	4	2	3	3	2	2	2	3	1	2		0	false	
1941	1	6	4	2	3	3	2	2	2	3	1	2		0	false	
1942	2	6	4	2	3	3	2	2	2	3	1	2		0	false	
1943	3	6	4	2	3	3	2	2	2	3	1	2		0	false	
1944	0	5	4	3	3	3	2	2	2	3	1	2		0	false	
1945	1	5	4	3	3	3	2	2	2	3	1	2		0	false	
1946	2	5	4	3	3	3	2	2	2	3	1	2		0	false	
1947	3	5	4	3	3	3	2	2	2	3	1	2		0	false	
1948	0	6	4	3	3	3	2	2	2	3	1	2		0	false	
1949	1	6	4	3	3	3	2	2	2	3	1	2		0	false	
1950	2	6	4	3	3	3	2	2	2	3	1	2		0	false	
1951	3	6	4	3	3	3	2	2	2	3	1	2		0	false	
1952	0	5	4	0	4	3	2	2	2	3	1	2		0	false	
1953	1	5	4	0	4	3	2	2	2	3	1	2		0	false	
1954	2	5	4	0	4	3	2	2	2	3	1	2		0	false	
1955	3	5	4	0	4	3	2	2	2	3	1	2		0	false	
1956	0	6	4	0	4	3	2	2	2	3	1	2		0	false	
1957	1	6	4	0	4	3	2	2	2	3	1	2		0	false	
1958	2	6	4	0	4	3	2	2	2	3	1	2		0	false	
1959	3	6	4	0	4	3	2	2	2	3	1	2		0	false	
1960	0	5	4	1	4	3	2	2	2	3	1	2		0	false	
1961	1	5	4	1	4	3	2	2	2	3	1	2		0	false	
1962	2	5	4	1	4	3	2	2	2	3	1	2		0	false	
1963	3	5	4	1	4	3	2	2	2	3	1	2		0	false	
1964	0	6	4	1	4	3	2	2	2	3	1	2		0	false	
1965	1	6	4	1	4	3	2	2	2	3	1	2		0	false	
1966	2	6	4	1	4	3	2	2	2	3	1	2		0	false	
1967	3	6	4	1	4	3	2	2	2	3	1	2		0	false	
1968	0	5	4	2	4	3	2	2	2	3	1	2		0	false	
1969	1	5	4	2	4	3	2	2	2	3	1	2		0	false	
1970	2	5	4	2	4	3	2	2	2	3	1	2		0	false	
1971	3	5	4	2	4	3	2	2	2	3	1	2		0	false	
1972	0	6	4	2	4	3	2	2	2	3	1	2		0	false	
1973	1	6	4	2	4	3	2	2	2	3	1	2		0	false	
1974	2	6	4	2	4	3	2	2	2	3	1	2		0	false	
1975	3	6	4	2	4	3	2	2	2	3	1	2		0	false	
1976	0	5	4	3	4	3	2	2	2	3	1	2		0	false	
1977	1	5	4	3	4	3	2	2	2	3	1	2		0	false	
1978	2	5	4	3	4	3	2	2	2	3	1	2		0	false	
1979	3	5	4	3	4	3	2	2	2	3	1	2		0	false	
1980	0	6	4	3	4	3	2	2	2	3	1	2		0	false	
1981	1	6	4	3	4	3	2	2	2	3	1	2		0	false	
1982	2	6	4	3	4	3	2	2	2	3	1	2		0	false	
1983	3	6	4	3	4	3	2	2	2	3	1	2		0	false	
1984	0	5	4	0	3	3	3	2	2	3	1	2		0	false	
1985	1	5	4	0	3	3	3	2	2	3	1	2		0	false	
1986	2	5	4	0	3	3	3	2	2	3	1	2		0	false	
1987	3	5	4	0	3	3	3	2	2	3	1	2		0	false	
1988	0	6	4	0	3	3	3	2	2	3	1	2		0	false	
1989	1	6	4	0	3	3	3	2	2	3	1	2		0	false	
1990	2	6	4	0	3	3	3	2	2	3	1	2		0	false	
1991	3	6	4	0	3	3	3	2	2	3	1	2		0	false	
1992	0	5	4	1	3	3	3	2	2	3	1	2		0	false	
1993	1	5	4	1	3	3	3	2	2	3	1	2		0	false	
1994	2	5	4	1	3	3	3	2	2	3	1	2		0	false	
1995	3	5	4	1	3	3	3	2	2	3	1	2		0	false	
1996	0	6	4	1	3	3	3	2	2	3	1	2		0	false	
1997	1	6	4	1	3	3	3	2	2	3	1	2		0	false	
1998	2	6	4	1	3	3	3	2	2	3	1	2		0	false	
1999	3	6	4	1	3	3	3	2	2	3	1	2		0	false	
2000	0	5	4	2	3	3	3	2	2	3	1	2		0	false	
2001	1	5	4	2	3	3	3	2	2	3	1	2		0	false	
2002	2	5	4	2	3	3	3	2	2	3	1	2		0	false	
2003	3	5	4	2	3	3	3	2	2	3	1	2		0	false	
2004	0	6	4	2	3	3	3	2	2	3	1	2		0	false	
2005	1	6	4	2	3	3	3	2	2	3	1	2		0	false	
2006	2	6	4	2	3	3	3	2	2	3	1	2		0	false	
2007	3	6	4	2	3	3	3	2	2	3	1	2		0	false	
2008	0	5	4	3	3	3	3	2	2	3	1	2		0	false	
2009	1	5	4	3	3	3	3	2	2	3	1	2		0	false	
2010	2	5	4	3	3	3	3	2	2	3	1	2		0	false	
2011	3	5	4	3	3	3	3	2	2	3	1	2		0	false	
2012	0	6	4	3	3	3	3	2	2	3	1	2		0	false	
2013	1	6	4	3	3	3	3	2	2	3	1	2		0	false	
2014	2	6	4	3	3	3	3	2	2	3	1	2		0	false	
2015	3	6	4	3	3	3	3	2	2	3	1	2		0	false	
2016	0	5	4	0	4	3	3	2	2	3	1	2		0	false	
2017	1	5	4	0	4	3	3	2	2	3	1	2		0	false	
2018	2	5	4	0	4	3	3	2	2	3	1	2		0	false	
2019	3	5	4	0	4	3	3	2	2	3	1	2		0	false	
2020	0	6	4	0	4	3	3	2	2	3	1	2		0	false	
2021	1	6	4	0	4	3	3	2	2	3	1	2		0	false	
2022	2	6	4	0	4	3	3	2	2	3	1	2		0	false	
2023	3	6	4	0	4	3	3	2	2	3	1	2		0	false	
2024	0	5	4	1	4	3	3	2	2	3	1	2		0	false	
2025	1	5	4	1	4	3	3	2	2	3	1	2		0	false	
2026	2	5	4	1	4	3	3	2	2	3	1	2		0	false	
2027	3	5	4	1	4	3	3	2	2	3	1	2		0	false	
2028	0	6	4	1	4	3	3	2	2	3	1	2		0	false	
2029	1	6	4	1	4	3	3	2	2	3	1	2		0	false	
2030	2	6	4	1	4	3	3	2	2	3	1	2		0	false	
2031	3	6	4	1	4	3	3	2	2	3	1	2		0	false	
2032	0	5	4	2	4	3	3	2	2	3	1	2		0	false	
2033	1	5	4	2	4	3	3	2	2	3	1	2		0	false	
2034	2	5	4	2	4	3	3	2	2	3	1	2		0	false	
2035	3	5	4	2	4	3	3	2	2	3	1	2		0	false	
2036	0	6	4	2	4	3	3	2	2	3	1	2		0	false	
2037	1	6	4	2	4	3	3	2	2	3	1	2		0	false	
2038	2	6	4	2	4	3	3	2	2	3	1	2		0	false	
2039	3	6	4	2	4	3	3	2	2	3	1	2		0	false	
2040	0	5	4	3	4	3	3	2	2	3	1	2		0	false	
2041	1	5	4	3	4	3	3	2	2	3	1	2		0	false	
2042	2	5	4	3	4	3	3	2	2	3	1	2		0	false	
2043	3	5	4	3	4	3	3	2	2	3	1	2		0	false	
2044	0	6	4	3	4	3	3	2	2	3	1	2		0	false	
2045	1	6	4	3	4	3	3	2	2	3	1	2		0	false	
2046	2	6	4	3	4	3	3	2	2	3	1	2		0	false	
2047	3	6	4	3	4	3	3	2	2	3	1	2		0	false	



